buyer_id,seller_id,delivery,pricing,quality,rating_date
55M8O,U29GK,3,,,2022-07-18
DG4JB,MQBSG,2,,,2022-07-08
DG4JB,CJZRT,,,,2022-06-07
OYWI5,Z6UIX,,4,,2022-03-26
OYWI5,UVBIT,,,,2022-07-16
OYWI5,PRBZA,,,,2022-02-24
1IN21,AXYFV,4,3,1,2022-04-20
1IN21,5PQAC,1,1,,2022-10-21
ZHZW5,JCCF8,,,,2022-04-08
XAEMH,BQ74R,,5,1,2022-07-26
XAEMH,0V5C9,,4,,2022-10-01
BLIBV,X9W2Z,,,,2022-05-01
40KS6,XU609,3,,2,2022-01-29
8XKTJ,Z49UX,5,,,2022-05-09
8XKTJ,6F0TV,,3,1,2022-08-06
PW40B,E9K7C,,2,3,2022-08-26
PW40B,L18JT,,,4,2022-09-06
YM05M,IBCNI,,5,4,2022-08-03
YM05M,K5CLT,,4,,2022-07-05
IJBH1,SGSRE,,,5,2022-07-22
TGLI2,8EBHM,,,,2022-01-25
TGLI2,G9Q2G,2,1,,2022-08-02
NQ2V5,IJI6N,2,,,2022-10-03
NQ2V5,6PA04,,,5,2022-08-31
EDSO3,SGSRE,3,,2,2022-01-01
EDSO3,61A69,,,1,2022-08-26
EDSO3,6NS86,,5,2,2022-07-11
ILH54,3M1YI,2,2,,2022-05-10
ILH54,1MXH9,,1,,2022-10-11
TLGJQ,DNCLE,,,,2022-05-07
ZNF0R,H7FKP,,2,,2022-08-09
ZNF0R,SEOMV,,3,4,2022-03-28
VR7T2,DI0C5,,,,2022-06-23
VR7T2,6P3VN,4,5,,2022-02-05
F9R3A,YAK94,1,,,2022-07-10
H5KYO,3QPJE,4,,,2022-02-12
H5KYO,C0UHU,4,,5,2022-04-28
H5KYO,Y4HF3,5,,,2022-08-03
PFO1U,FZ6BO,1,1,5,2022-10-02
PFO1U,SB3L6,,,,2022-02-18
DGIQS,WDR82,4,4,,2022-05-10
DGIQS,4FD3N,,4,,2022-07-29
KGX0O,QMNGC,,1,4,2022-04-22
1OQRH,7CIPO,,5,,2022-05-04
1OQRH,PBHFC,5,,1,2022-08-12
1OQRH,OREG1,5,2,4,2022-04-05
YY9SM,87CKX,,,5,2022-04-23
V8GKC,51WHM,,,,2022-03-14
V8GKC,T40C2,1,,,2022-08-26
S1V3H,VJL5E,2,,3,2022-04-11
34K6O,OE791,5,4,,2022-02-01
34K6O,HQSNA,,5,,2022-09-29
XLZ45,9CR7S,,,,2022-06-01
E5UW1,QWAWV,5,,,2022-10-01
E5UW1,Y1GW1,,,,2022-07-23
1HZAS,FYQCT,1,,,2022-07-22
1HZAS,OFOQB,,,4,2022-04-02
1HZAS,HGTUB,,1,,2022-03-25
XK3GJ,UADIT,,,,2022-08-14
GT3TI,MABWW,,1,,2022-07-11
WLPL6,OFOQB,,4,4,2022-05-06
MDCRW,C8HL5,,,,2022-07-08
MDCRW,UHYY9,5,3,,2022-09-02
P34SI,85TQL,,,,2022-03-15
P34SI,CTMHY,,,2,2022-04-05
X3L0S,TYD9O,,4,1,2022-01-07
X3L0S,08KUN,,4,,2022-10-12
X3L0S,T40C2,2,,,2022-04-16
WIWT3,XZJXD,,2,2,2022-02-15
WIWT3,HQSNA,,,5,2022-10-01
WIWT3,231ZN,,2,,2022-03-27
SRXC0,BBHBZ,2,,,2022-03-08
SRXC0,HSQAJ,5,4,1,2022-05-10
YE3NU,519G2,,,4,2022-06-15
CC7BL,WUSF0,,,,2022-02-26
CC7BL,9FJ8S,4,3,2,2022-03-26
IHE8P,XMWLA,,2,3,2022-08-11
IHE8P,CZ859,,,,2022-09-04
FQGYY,SW1FA,,3,4,2022-08-22
FQGYY,U3D5E,3,2,,2022-09-22
8DXG1,BX2PI,,,,2022-01-29
8DXG1,D73LI,,4,,2022-02-18
3200F,KGD5Z,3,,4,2022-03-15
05TT7,3LLAJ,4,,,2022-02-05
05TT7,V20LN,5,,1,2022-02-15
XE0RZ,DZC76,,5,,2022-03-13
XE0RZ,IBCNI,,,,2022-10-06
5EICG,JY3X4,,,2,2022-02-18
5EICG,PV7VX,5,,,2022-03-23
ER7HT,61A69,,,,2022-09-21
5XGBY,QX1AY,3,,,2022-06-15
6Z0GW,RJWPA,,,,2022-08-30
6Z0GW,ZTLSE,,,,2022-04-11
NEW1K,QMHWG,2,4,,2022-01-28
GFNR1,61A69,1,,4,2022-09-09
GFNR1,BHDQW,,,,2022-04-27
HBAFR,QQB6Q,,,,2022-06-19
HBAFR,J83G9,,,3,2022-03-12
QS8TO,Y4HF3,,,,2022-07-15
QS8TO,4PJSD,,,1,2022-07-01
QS8TO,QLECR,1,2,2,2022-01-16
U4LP6,JWXSS,1,,,2022-08-20
8AQG4,E189I,,,,2022-06-01
THO1P,0QEPM,4,,,2022-05-20
JMFY4,0YU61,5,,,2022-09-19
LT1QA,3KFLS,,,,2022-01-23
8XTIF,KR138,,,,2022-03-04
8XTIF,FQUO1,,4,4,2022-05-13
8XTIF,QWAWV,1,,,2022-07-25
YWTAO,4Z5VC,,,,2022-04-08
YWTAO,426K8,,1,,2022-02-15
YWTAO,PB6Z6,,,4,2022-08-20
VN9RX,36SYH,5,3,,2022-06-21
VN9RX,ZB7CT,1,1,4,2022-09-16
VN9RX,MQBSG,,,3,2022-03-09
ELMVL,V1RZB,,1,5,2022-01-06
ELMVL,WSHUH,2,5,,2022-09-22
0MSFY,P35EW,5,,,2022-06-09
0MSFY,T02WF,,,,2022-08-10
0MSFY,6FWZI,,,2,2022-07-17
RK6DU,WDR82,,2,5,2022-05-01
RK6DU,Z0LJU,3,5,,2022-09-10
3XNZ1,VPIG7,,,,2022-05-31
RBP64,9FJ8S,,1,,2022-09-26
LO0YU,CTMHY,,5,,2022-01-05
LO0YU,3KFLS,5,,,2022-06-27
LO0YU,7ERSM,1,,2,2022-10-15
BJTDP,SZXQH,2,,,2022-01-31
BJTDP,3S3MN,,4,1,2022-05-11
BJTDP,L3VKI,,,,2022-10-15
CSD0V,TJ6FX,4,5,4,2022-04-20
P027C,NKKLD,3,,2,2022-10-23
BKV8V,U4K0S,3,,,2022-07-07
BKV8V,1149O,1,,5,2022-05-17
M2S46,GKTCF,,3,2,2022-04-22
MCYKS,SHGFE,1,,1,2022-08-18
MCYKS,C9XKL,4,,,2022-09-04
MCYKS,4VDK3,,,,2022-08-30
P6VUR,CJZRT,,,5,2022-02-21
P6VUR,YFIBA,3,1,3,2022-10-05
42LPG,N169E,4,5,,2022-10-18
6BAHN,U4K0S,,3,,2022-09-10
6BAHN,SNR6X,,,,2022-02-01
NEDMB,5JJX3,,,,2022-08-19
NEI16,A8U7K,,,,2022-04-03
VUIFU,RJWPA,,3,1,2022-06-24
6VLT3,7B5PR,,2,,2022-06-12
6VLT3,7WHJR,,2,3,2022-10-27
7ISAX,J5PAC,,,,2022-03-06
Q4PTS,M2HT6,,4,5,2022-01-25
KM0EY,9R01Y,,,,2022-03-03
KM0EY,M63IT,,1,,2022-06-23
GVRV3,ZB7CT,,2,5,2022-07-24
VDU8D,6EBHW,,,,2022-08-23
VDU8D,0RNM3,,4,5,2022-10-21
VDU8D,Z0LJU,,,1,2022-01-01
DR99N,L6USX,4,4,,2022-07-12
9YSA1,426K8,3,5,,2022-03-15
9CX7X,IBCNI,,,,2022-02-20
9CX7X,NUPCW,,5,3,2022-01-06
HVYPZ,WPI4A,,,4,2022-06-12
HVYPZ,EXO6D,,3,,2022-05-03
SNKBL,C78AR,,3,,2022-10-21
SNKBL,KV5S9,1,,1,2022-01-01
GKKI8,4VDK3,4,1,,2022-09-20
GKKI8,PINBW,2,,,2022-08-26
3JKX9,QCIEZ,,1,4,2022-04-28
3JKX9,LJNGC,,4,,2022-04-19
3JKX9,LHRYU,,4,,2022-09-25
BMK8A,CYGAE,,,,2022-02-08
GWS4Y,CYGAE,5,3,,2022-06-25
DIVWB,4OUJ8,,,2,2022-04-10
4DMZ0,JWXSS,,,,2022-09-11
4DMZ0,8HSSP,,,,2022-09-10
AYMCG,8MZDC,2,3,4,2022-09-08
AYMCG,8AOIB,1,,3,2022-05-15
AYMCG,WHC3M,,,1,2022-02-14
VLADK,CXDQI,,,3,2022-03-01
VLADK,BKW17,2,2,,2022-01-08
9CDZ6,Q17SE,,1,,2022-01-17
9CDZ6,LBHMK,2,,,2022-01-16
9CDZ6,A8U7K,,5,3,2022-03-21
VO9HI,L6USX,2,3,3,2022-09-22
VO9HI,FWB4W,,,,2022-08-05
4N2BL,MJUC1,2,1,1,2022-05-23
KWXKL,Q24R1,,1,,2022-01-17
KWXKL,QQB6Q,,4,,2022-10-18
YTQBP,1WI5Q,5,,,2022-08-24
ROX80,N169E,,,,2022-10-04
NI81W,Q1X68,3,5,,2022-09-06
NI81W,87CKX,,4,1,2022-05-25
K7BSE,4FD3N,,,,2022-07-28
K7BSE,JCCF8,,,,2022-03-11
K7BSE,3RNZG,,4,,2022-03-22
89PH1,5JJX3,3,1,,2022-04-24
8SECR,BJLLH,2,,4,2022-01-04
8SECR,GVYOF,,3,,2022-02-23
8SECR,UFNUW,,1,,2022-02-28
OCYY1,WH1ZH,,4,,2022-04-16
OCYY1,1H9CX,2,,,2022-05-10
VGVF8,K3MXR,4,,,2022-02-06
KLLWU,231ZN,2,,,2022-08-29
19AOW,NJYKN,,2,5,2022-01-17
19AOW,N7TIV,,3,,2022-03-05
A6VKI,R5OOD,1,3,,2022-05-21
UWS65,KGD5Z,,,4,2022-04-04
806KP,P35EW,4,1,1,2022-01-19
806KP,PRBZA,,,,2022-03-11
IYR3G,L4VJ1,,,,2022-07-23
IYR3G,ZVZGY,4,,,2022-10-10
IYR3G,1E2BT,,,3,2022-01-28
4AJIZ,HYR8F,1,5,3,2022-04-27
D8QFI,L4VJ1,2,,1,2022-08-06
FKLYG,CCMQG,2,2,,2022-07-04
BU7CW,RLY94,5,3,,2022-02-18
FPXIF,HH8AJ,2,3,1,2022-07-13
VYCQV,7TOUB,4,3,,2022-04-28
LLZ6O,7WHJR,4,,,2022-10-13
LLZ6O,4CXZQ,,,,2022-03-02
66PSO,OZBPO,,3,,2022-09-01
66PSO,3FLK5,,,4,2022-08-08
LRD1B,MJUC1,5,,5,2022-09-06
010JB,8RY42,,3,2,2022-01-26
010JB,Q9QW3,,,4,2022-03-18
HRDSY,L3VKI,3,1,,2022-06-02
HRDSY,JH82V,,4,,2022-08-05
I4UAO,ZST93,,,,2022-08-16
I4UAO,BSJMW,,,,2022-09-21
XYGE7,RVZRR,,3,,2022-02-02
B75QF,1WI5Q,,,1,2022-03-27
L6WTT,R2YNB,,,,2022-08-16
5EO9W,O9NN6,4,4,,2022-03-16
5EO9W,8RY42,3,,,2022-02-14
7BLST,UDZHR,2,,,2022-09-30
IHKYE,J5PAC,,,,2022-10-20
YK2FC,SFE8H,,,2,2022-09-20
YK2FC,A5WQ0,4,2,1,2022-02-16
DCPZS,KR138,,,,2022-07-13
1KW1Z,U3D5E,4,1,,2022-03-22
1KW1Z,5PQAC,,,,2022-01-17
3OZAF,GVYOF,,,,2022-08-31
3OZAF,GV6M6,1,,4,2022-02-26
CS52N,YRL14,1,,3,2022-02-10
CS52N,RBL4D,3,,3,2022-06-28
26AJ1,GV6M6,,,,2022-05-21
1N21A,0ZJZT,,,1,2022-02-10
WWWUR,FUAY0,2,5,,2022-02-27
WWWUR,WJRLZ,,2,,2022-08-07
W8R0N,JEEP3,3,,1,2022-06-07
W8R0N,KR138,1,,,2022-09-22
ZIKWD,CUVCD,2,3,,2022-07-22
ZIKWD,V5MBV,,,,2022-07-12
Q273R,TH5WQ,2,5,,2022-07-13
WXB0W,TH583,,,,2022-07-13
WXB0W,3QPJE,5,2,4,2022-09-04
E8IE5,K3MXR,5,,,2022-03-20
E8IE5,CUVCD,3,,3,2022-08-25
YE9Y0,E189I,5,,4,2022-03-26
YE9Y0,D73LI,,,,2022-01-04
HLC2X,IBCNI,,,,2022-10-02
0PI7Y,GLVQG,,,,2022-05-05
0PI7Y,H7FKP,4,4,1,2022-01-14
9GVYW,7IVK8,,,2,2022-02-27
W2TUF,MK3V5,,,,2022-03-02
W2TUF,JCA8Q,,,5,2022-05-28
NQ3MK,QN99Y,,,3,2022-10-06
XEKDS,RVZRR,,3,,2022-07-02
XEKDS,6PA04,2,,,2022-01-26
XEKDS,OPGY0,,1,,2022-02-02
ISY5F,IP7TK,3,,4,2022-07-20
ISY5F,A8U7K,,,,2022-01-26
CXKB1,85TQL,,4,,2022-02-20
CXKB1,DW4SG,,,2,2022-01-16
HGY3Q,67EYU,1,1,1,2022-01-06
HGY3Q,08KUN,,,,2022-10-22
7DTDQ,1E2BT,,,,2022-05-09
7DTDQ,87CKX,2,4,,2022-03-04
TABM6,NL2WY,2,,1,2022-06-28
MEID7,87BU7,,1,,2022-05-25
MEID7,NBQEK,,1,,2022-07-16
REXP7,3QPJE,,,,2022-02-05
REXP7,3K1ND,,5,,2022-09-21
RGJQ2,RLY94,4,,,2022-07-21
RGJQ2,XWXLZ,,,3,2022-10-22
NXRXT,ZVZGY,3,2,5,2022-01-30
5ON83,HFAMO,,,,2022-10-21
5ON83,A5WQ0,,,2,2022-04-23
190M0,19J34,,,1,2022-07-07
FDXK3,RLY94,,,,2022-08-16
FDXK3,GZ97S,2,1,3,2022-04-01
FDXK3,NW0RD,1,,,2022-01-08
K9XM5,DPGAP,,4,,2022-09-13
K9XM5,92I2Y,,,,2022-01-01
R5O4G,AWFGJ,,,2,2022-04-28
R5O4G,OFOQB,,2,2,2022-07-16
O343K,X342E,,,3,2022-01-26
O343K,12TJH,,,,2022-04-12
AQQLE,7T5MJ,,,5,2022-04-28
AQQLE,OTAU7,,5,,2022-10-28
AQQLE,D7CK2,,,,2022-06-08
EFHUG,L6USX,,,,2022-05-30
EFHUG,G2W79,4,,,2022-05-30
EFHUG,ZVZGY,4,,5,2022-01-25
M9679,5H4D3,3,,1,2022-03-05
M9679,VW8H6,1,,4,2022-09-06
M9679,DZC76,,,,2022-02-19
W0J0T,Z6UIX,,1,1,2022-04-03
W0J0T,OE791,,,,2022-04-22
W0J0T,PCL39,1,3,1,2022-10-11
15H0W,NW0RD,,5,,2022-07-11
15H0W,9FJ8S,,,3,2022-08-22
15H0W,AP5ZX,,,,2022-10-06
GX3I6,I8U4Z,,1,,2022-06-09
34E4O,AZB2M,1,,,2022-08-26
34E4O,77KUY,,,,2022-07-01
STNED,K99E6,,2,4,2022-06-28
STNED,SHKRM,1,1,,2022-01-19
ZN52C,BJLLH,5,,1,2022-02-28
GICLW,0ZJZT,,,,2022-01-13
YCMO9,GZ97S,,3,,2022-09-02
6VZZH,CAFPE,,1,,2022-02-10
YTQK8,HQSNA,1,,,2022-05-29
7456D,UADIT,,5,5,2022-02-13
7456D,231ZN,,,,2022-01-24
7456D,0HC1E,1,,,2022-08-25
K8DRJ,3FKG7,,,2,2022-07-01
K8DRJ,29003,,1,1,2022-08-27
24T1N,MRY5A,,1,1,2022-09-03
24T1N,YA5CE,,4,,2022-05-12
QWNFA,7E9AJ,,,,2022-02-18
S1Z1R,BV5DO,1,,,2022-08-30
S1Z1R,SNR6X,,,4,2022-04-26
S1Z1R,FCQGQ,,1,4,2022-02-19
70QQ7,6GSGP,1,3,2,2022-05-31
70QQ7,QR19G,3,,,2022-04-25
70QQ7,C0UHU,2,,1,2022-10-17
PQ9TN,EXO6D,,,,2022-09-22
PQ9TN,YRTVH,5,,3,2022-07-21
61BIL,8RY42,5,,3,2022-03-15
61BIL,CXDQI,,,,2022-06-02
C14OD,BF3QQ,5,3,,2022-06-22
C14OD,FFBXJ,,,1,2022-05-25
C14OD,ZVZGY,,,4,2022-10-21
7Q7LI,R7K4O,5,,,2022-05-19
QFDCE,PB6Z6,,3,4,2022-09-03
DQZ31,F1I7H,2,,,2022-04-10
ENAL5,0C7T4,,,,2022-01-11
ENAL5,OFOQB,,,,2022-07-21
GGRDK,E9K7C,,,,2022-08-10
ZFFG4,G6G4D,,1,,2022-03-31
ZFFG4,NW0RD,3,4,,2022-02-06
ZFFG4,LC3OK,1,,,2022-09-01
VM6YE,DGX8H,,,,2022-07-16
K2SW4,XMWLA,,,,2022-02-14
K2SW4,OFOQB,,4,4,2022-06-15
BU4WM,08WHX,,,3,2022-08-08
BU4WM,Q9QW3,,,,2022-06-13
BU4WM,KV5S9,,,,2022-02-02
HU76U,7B5PR,,,,2022-02-10
HU76U,P8DKB,4,,,2022-06-11
HU76U,P1ZUA,,,2,2022-01-25
ZK18A,FFZPQ,,3,3,2022-02-08
ZK18A,7IVK8,,,,2022-06-11
3B74Z,XZJXD,1,,,2022-10-13
3B74Z,PINBW,,,,2022-01-12
5E55S,PRBZA,2,,,2022-06-23
5E55S,EJ2DW,,,,2022-06-17
D2Q3L,ZXBS8,,3,4,2022-06-11
D2Q3L,GV6M6,,,,2022-01-12
G8JAV,HFAMO,,2,,2022-04-09
A62GD,QX1AY,,5,4,2022-01-31
A62GD,C9XKL,,,,2022-05-17
A62GD,4MSI6,,1,2,2022-01-28
HH5L2,FRH4L,,,3,2022-02-17
F22MY,HVJUT,,,,2022-03-11
F22MY,N3780,4,,,2022-01-04
F22MY,0ZJZT,5,,,2022-03-31
7AP3F,EJ2DW,,1,2,2022-08-20
LBZKA,4MSI6,,,1,2022-09-13
T4GB1,O8YYV,,,5,2022-10-12
T4GB1,22VQ9,,,1,2022-10-18
4VAZ0,KVJNB,,,,2022-04-24
4VAZ0,1MXH9,,,1,2022-05-24
DRUJF,4DGUK,2,,,2022-08-23
9USEK,3KCY4,,,,2022-04-01
A84FX,8Q3XK,,,,2022-06-26
A84FX,Q1X68,,,5,2022-02-13
A84FX,QQB6Q,5,,,2022-07-05
EYUAB,85TQL,,1,5,2022-05-14
EYUAB,V20LN,1,,,2022-10-02
EYUAB,DNCLE,,,3,2022-04-11
APWNU,0YU61,,,,2022-01-11
APWNU,CZOIF,,5,,2022-03-22
OCO0L,A7G8C,3,,,2022-05-21
OCO0L,PBHFC,,,5,2022-05-11
9VJ3R,UVBIT,,5,,2022-04-24
9VJ3R,AZB2M,,,1,2022-08-03
7FBX2,CJZRT,,,2,2022-09-04
7FBX2,GQM6L,,,1,2022-03-13
M5IPY,BV5DO,,,2,2022-08-19
M5IPY,UEAU3,2,3,,2022-02-01
BEM0O,NJYKN,,2,1,2022-07-27
BEM0O,8HSSP,,,,2022-08-14
DTEM6,MABWW,,4,,2022-03-02
JRWX3,HGTUB,,,4,2022-04-02
9BCRK,3FLK5,,,1,2022-10-21
WJDVP,CZOIF,,,2,2022-05-25
WJDVP,UFNZK,,1,3,2022-06-13
WJDVP,O8YYV,2,5,,2022-09-15
C52MZ,87BU7,,,1,2022-02-21
80VSH,GV6M6,,3,2,2022-01-08
80VSH,QXXKB,,,,2022-01-31
XVPN2,51WHM,,,1,2022-09-30
XVPN2,K3VTH,,,,2022-01-29
MI92E,X7OBY,,,2,2022-06-13
MI92E,K52E6,,,3,2022-08-02
LVMLU,WDR82,,,4,2022-10-15
LVMLU,ARWEB,4,3,4,2022-02-25
QYX12,8RY42,,,,2022-06-13
QYX12,IJ61L,,,,2022-04-26
5GJ8O,0V5C9,5,,1,2022-04-07
5GJ8O,SAZF9,,,,2022-06-22
5GJ8O,4Z5VC,,,,2022-09-03
0HQSK,VJL5E,,,,2022-05-24
P2JJF,TT1MJ,5,5,1,2022-01-23
P2JJF,NCDRU,,,5,2022-05-27
VUERN,ZST93,2,3,,2022-01-04
C99EN,L20JI,,3,,2022-05-05
6MX7E,142WW,2,,,2022-04-24
4VU99,DDZV9,4,,,2022-02-05
4VU99,UBB1Y,4,3,,2022-02-12
OHP5L,UOQ2K,4,,,2022-04-18
OHP5L,BSJMW,,1,,2022-02-13
T5EH5,DRNO4,,,4,2022-09-25
687EJ,NUPCW,5,2,,2022-09-30
687EJ,AWXDQ,4,4,,2022-06-23
9SZLC,EXO6D,,5,2,2022-06-13
ZJQJP,V5MBV,,,5,2022-06-17
ZJQJP,HVJUT,,2,,2022-03-09
U9VSQ,JEEP3,4,,,2022-05-13
IZ1CH,4L0BA,,,,2022-02-25
IZ1CH,X9W2Z,,,4,2022-06-29
0HCHB,U98HN,,,3,2022-09-05
7CV6O,E9K7C,,,2,2022-04-25
7CV6O,WJRLZ,4,3,4,2022-09-29
L8DWW,IBCNI,,1,3,2022-06-24
L8DWW,6K1RV,,3,,2022-06-29
4B7RT,YAK94,5,2,,2022-03-26
Y4LRQ,A5WQ0,5,,2,2022-09-02
F7QHM,IUWG8,5,,2,2022-04-27
F7QHM,L8LC6,,3,,2022-08-25
EDFVE,9X7GU,,,,2022-03-02
EDFVE,CJZRT,,5,,2022-06-14
Y7O7D,QWAWV,2,,,2022-10-19
Y7O7D,CXDQI,1,1,3,2022-07-03
8WQ8N,HQF90,,4,,2022-07-13
8WQ8N,SB3L6,,2,,2022-10-23
5WONO,62876,,,,2022-07-31
5WONO,C8HL5,4,4,4,2022-10-23
PHLBY,PV7VX,4,,5,2022-09-03
DAN4S,Z0LJU,,,,2022-01-09
5CMBO,7H518,,,,2022-09-17
P8OWW,AZB2M,,,2,2022-04-10
P8OWW,0C7T4,,,,2022-06-04
H2F1B,PRF6N,,5,,2022-10-03
H2F1B,Y1GW1,4,,4,2022-06-03
K1BOW,HSQAJ,2,,,2022-06-22
K1BOW,NKKLD,,,1,2022-02-09
K1BOW,WHC3M,,4,3,2022-10-17
F1N7U,PV7VX,,5,4,2022-04-09
F1N7U,FWB4W,,,,2022-04-21
717PI,JY3X4,5,,4,2022-10-21
SSLG9,C9PS9,,,4,2022-08-20
SSLG9,86J10,,3,,2022-02-03
SSLG9,WHC3M,2,,5,2022-01-14
6YV2J,P9Q6Y,,,5,2022-01-28
6YV2J,3I68A,4,3,,2022-04-12
6YV2J,20AR2,,,1,2022-04-29
32TH1,O83AN,,1,1,2022-02-15
R5WAU,0Z2LJ,,,2,2022-04-07
TIIZ7,QXXKB,4,4,,2022-04-20
78CNR,JUDOH,,,,2022-02-22
78CNR,3O35F,1,3,,2022-07-23
Y1C7D,P1ZUA,,,,2022-02-10
Y1C7D,1WI5Q,,3,,2022-06-09
Y1C7D,X9W2Z,,,,2022-09-04
4P2MC,3O35F,,1,2,2022-10-15
YRNCX,1VT3O,1,3,4,2022-04-19
TI3XK,87CKX,,4,4,2022-05-25
T7C4Q,LC3OK,4,,,2022-02-23
T7C4Q,R7K4O,,,,2022-02-17
DKV6T,4Z5VC,4,,,2022-02-16
1ZSRG,5XI94,2,5,4,2022-06-05
0PAO8,JQY1C,,,,2022-09-03
6GV6U,LBHMK,3,,,2022-10-16
QQV3F,JEEP3,,1,,2022-07-09
WIIXC,DW4SG,3,4,4,2022-09-27
WIIXC,AWFGJ,2,,1,2022-05-04
H40RU,JWXSS,3,,4,2022-04-27
ZZO7Y,G6G4D,,4,4,2022-01-21
57F8O,X1CL7,4,3,,2022-03-25
JPPSA,GPJ8L,,2,,2022-05-19
M8Q98,NW0RD,,2,5,2022-02-01
M8Q98,8F6ZS,,,,2022-09-24
OJVOT,6EBHW,,,3,2022-06-03
4PPY5,GLVQG,,,,2022-05-21
4PPY5,P8DKB,3,,,2022-01-16
7S3SE,JCCF8,,,,2022-02-15
1IV1D,V5MBV,,4,,2022-09-06
O8S8R,SFE8H,,4,3,2022-03-30
F5HG5,K3VTH,,1,4,2022-10-19
4H3EB,CTMHY,,,,2022-04-22
4H3EB,6P3VN,3,,5,2022-03-16
4H3EB,CUVCD,3,,4,2022-02-10
N8X6I,AU687,,,1,2022-06-18
D7QXD,8RY42,4,4,,2022-05-09
D7QXD,PBHFC,1,,,2022-03-07
OPCE8,P1ZUA,,2,4,2022-05-09
OPCE8,8Q3XK,,1,5,2022-06-13
F4OTA,SGSRE,,,,2022-06-19
F4OTA,JCCF8,5,4,,2022-02-27
IR55S,NQP88,1,,,2022-02-27
DUI40,6NS86,,,,2022-02-20
UBVEC,UDZHR,2,2,,2022-06-22
KH2MK,UBB1Y,,,2,2022-05-16
KH2MK,YRL14,,1,,2022-06-15
1DDCA,BK9EY,,1,,2022-03-27
1DDCA,6WQ8P,,,3,2022-06-20
U683A,QTM9A,,,3,2022-10-03
V25AJ,8Q3XK,,,,2022-05-31
2C3O9,QCIEZ,1,,,2022-04-01
V2DG5,CGC2X,5,,,2022-03-14
5UUSW,4DGUK,,1,1,2022-09-05
9ACJU,F5WTM,3,,1,2022-03-09
9ACJU,F98VS,1,5,,2022-04-01
WKUSR,GKTCF,,4,2,2022-08-26
WKUSR,7VWUB,1,,3,2022-02-03
8WZ67,FQUO1,,2,5,2022-07-18
8WZ67,RSBL9,,2,5,2022-10-19
5WEF0,FUR3X,1,2,,2022-10-27
5WEF0,FCQGQ,5,,5,2022-05-18
LF75W,ZB7CT,1,,,2022-09-28
6M648,X7OBY,1,,,2022-09-09
X7ALH,0YU61,,,5,2022-10-13
X7ALH,RSBL9,4,1,1,2022-06-17
XZY37,YFIBA,3,5,2,2022-07-10
BFLOJ,3KFLS,,,,2022-04-14
BFLOJ,AWXDQ,,2,3,2022-01-17
AN1KX,2LVZE,,4,3,2022-01-21
AN1KX,4OUJ8,,1,,2022-03-05
LF6XC,V1RZB,,,,2022-01-02
ZMEIK,449OC,1,5,,2022-01-03
U6NSE,BSJMW,5,1,2,2022-06-16
U6NSE,0HC1E,3,3,,2022-09-22
GU3PP,Y2ZFL,1,3,,2022-03-28
GU3PP,6IPKS,,5,5,2022-08-25
IEHMO,NKNLM,,1,,2022-03-27
IEHMO,P1ZUA,2,5,2,2022-06-26
SJ5HD,3S3MN,5,1,,2022-02-09
SJ5HD,4DGUK,,1,,2022-08-24
1LDDF,XMWLA,,,2,2022-05-04
53DXQ,7W8YE,,,1,2022-06-26
53DXQ,CTMHY,5,,,2022-05-07
LTYJ8,Y1GW1,1,1,,2022-01-12
LTYJ8,N169E,2,,5,2022-07-22
O7JHA,8AOIB,,,,2022-05-24
O7JHA,GJK7R,,,,2022-02-01
MV8IE,MRY5A,,2,3,2022-07-23
T0LJV,Q24R1,,4,,2022-03-14
T0LJV,05M7F,,,1,2022-03-20
MHYZN,Z6UIX,,,,2022-10-11
MHYZN,DDZV9,5,,,2022-10-13
3VFQ2,CA1H1,,2,3,2022-07-20
FXJW9,G6G4D,,,5,2022-05-30
S711S,RSBL9,2,4,,2022-10-04
S711S,9CK79,,2,1,2022-04-04
1M3VQ,O0KP9,1,,,2022-01-18
1M3VQ,FUS1Y,1,,3,2022-04-29
4Y2ZV,U98HN,3,,5,2022-01-29
4Y2ZV,36SYH,,,,2022-01-04
FGGVY,NUPCW,,,1,2022-10-09
7YD44,U98HN,,,5,2022-01-19
UJG56,EGA3T,,1,4,2022-06-28
119G3,6EBHW,,5,,2022-02-03
628RH,3FLK5,,5,1,2022-02-08
628RH,UEAU3,,,,2022-10-25
WD4V4,FXVJ8,,,,2022-06-21
SADYP,NW0RD,,3,,2022-08-26
SADYP,UEVYS,,2,4,2022-01-30
SADYP,0ZJZT,,1,,2022-06-15
BYODB,WHC3M,,,,2022-08-06
BYODB,K3MXR,1,,,2022-10-21
BYODB,A5WQ0,,,3,2022-06-03
UUWSJ,4GR4S,,,1,2022-04-07
DOC7B,ZVZGY,,5,,2022-04-19
DOC7B,NUPCW,,,,2022-05-17
GTZX8,KR138,,1,,2022-06-18
GTZX8,1HBQW,1,,,2022-02-11
GTZX8,VPIG7,,3,,2022-08-05
RNYTZ,WJRLZ,3,,,2022-04-21
SIX5R,HQSNA,,,,2022-03-20
SIX5R,4MSI6,,2,5,2022-04-26
HGKSA,CGC2X,,3,1,2022-06-21
HGKSA,TYD9O,,,,2022-07-19
HGKSA,NJN0G,1,2,,2022-08-23
CKCU9,N5X40,,3,,2022-06-29
CKCU9,RYVDX,,2,,2022-07-28
CKCU9,EBQH2,2,,4,2022-09-04
3WVU4,AWFGJ,4,,,2022-04-12
3WVU4,C8HL5,,1,,2022-04-01
8094C,XV9E8,,2,,2022-02-16
8094C,C0UHU,,1,,2022-08-27
91I4R,C1NTG,,4,,2022-02-08
91I4R,W2FN3,,,2,2022-03-09
FDHHQ,QX1AY,,,3,2022-10-12
FDHHQ,RJWPA,3,,2,2022-04-07
608BZ,3FLK5,,4,,2022-03-26
608BZ,NCDRU,,2,5,2022-04-21
608BZ,N169E,,5,,2022-10-13
18ATI,UADIT,,,,2022-09-14
18ATI,QWK5C,,5,,2022-01-03
18ATI,549RZ,,,1,2022-10-16
U4G0Y,FUS1Y,5,2,,2022-01-20
JKEC1,QWEC7,,,5,2022-09-08
JKEC1,C1NTG,,,3,2022-04-16
JKEC1,SEOMV,,5,,2022-02-15
PM19X,L9Y33,,,,2022-05-20
96CTH,3O35F,3,2,1,2022-09-20
96CTH,Y4RHZ,,5,,2022-10-06
U1MXM,A5WQ0,,,,2022-10-01
U1MXM,G60H0,1,,,2022-09-14
IS8XJ,ISPDE,,,,2022-04-20
IS8XJ,5PQAC,2,,4,2022-10-15
S12PK,WX9FX,,4,,2022-04-04
S12PK,E9K7C,1,,,2022-07-21
N5IUD,JCCF8,,1,,2022-09-20
N5IUD,6LV2R,2,,,2022-05-08
9QUHS,U98HN,,,,2022-04-22
BLVD4,449OC,,1,,2022-03-08
BLVD4,L9Y33,5,,,2022-02-23
BLVD4,3XOCG,,,,2022-01-07
IZBUW,IH8AP,3,1,2,2022-08-03
B3OWC,WH1ZH,2,2,3,2022-09-04
3IHDQ,SHGFE,,1,,2022-02-20
3IHDQ,W3UYZ,,1,2,2022-06-03
UV6I1,670AO,,2,,2022-03-10
UV6I1,LJNGC,4,,,2022-07-18
4UQN9,U3D5E,,1,,2022-01-30
4UQN9,05M7F,,,,2022-10-25
RC1J7,YFIBA,,1,,2022-03-22
RC1J7,AWFGJ,,1,,2022-10-28
RC1J7,6PA04,,,3,2022-07-12
7MV8H,7IVK8,5,,1,2022-10-25
7MV8H,L8LC6,2,,,2022-09-28
KWOAA,XZJXD,1,,2,2022-03-24
KWOAA,1H9CX,,,,2022-10-12
LB9D2,RM38H,2,,,2022-02-21
29J0D,D73LI,2,5,,2022-05-30
29J0D,20AR2,,,1,2022-05-18
LNMX3,4MSI6,,1,3,2022-02-21
76J9V,9R01Y,,3,,2022-08-28
6QLXH,L3VKI,,,,2022-01-11
6QLXH,K3UHS,,2,4,2022-07-24
6QLXH,8K3RE,,1,,2022-08-20
N1ODM,69SJG,3,,,2022-05-20
N1ODM,9CWE6,,1,,2022-07-09
8O45Z,UFNUW,,5,,2022-01-05
8O45Z,FFBXJ,,4,,2022-03-27
87TL4,YRTVH,,,5,2022-09-14
87TL4,3I68A,,2,,2022-10-14
MZHDW,LJNGC,,,,2022-08-01
MZHDW,GLVQG,2,,,2022-05-02
08NIU,0HC1E,,,,2022-08-23
08NIU,QCIEZ,,,,2022-06-06
U9UGI,IXU4J,5,,,2022-10-01
U9UGI,9CWE6,3,,,2022-05-03
93C9Y,O83AN,5,5,,2022-01-23
JPACE,7B5PR,1,4,1,2022-10-18
68QVY,CA1H1,,,,2022-05-14
68QVY,PCL39,,1,,2022-09-17
1YHWL,PHPNC,,,,2022-09-13
AD6O9,CCMQG,4,,,2022-03-29
AD6O9,20AR2,,5,,2022-04-12
AD6O9,C9XKL,,,4,2022-05-14
05I3A,1HBQW,5,5,,2022-09-18
05I3A,NJN0G,,3,3,2022-04-29
Z1H57,OPGY0,,,,2022-08-11
QZ491,0BMS5,,1,,2022-07-29
QZ491,O83AN,,,5,2022-10-12
3R3CX,7W8YE,3,,3,2022-09-02
6D2XH,DW4SG,,,4,2022-01-09
6D2XH,KV5S9,1,4,,2022-09-01
ZZFL3,RSBL9,4,2,,2022-01-10
ZZFL3,WSHUH,3,5,,2022-04-04
1E0GR,BHDQW,5,,4,2022-01-18
1E0GR,6GSGP,1,,5,2022-01-05
1E0GR,U98HN,,3,4,2022-03-29
BZ0D8,QX1AY,3,1,,2022-05-07
C4HH8,L8LC6,5,2,5,2022-01-25
C4HH8,W2FN3,,2,4,2022-09-15
J7NR7,OETM3,,,1,2022-06-14
J7NR7,6K1RV,2,1,2,2022-02-22
J7NR7,Z5WLW,1,,,2022-03-26
WVX20,4PJSD,2,,,2022-06-24
WVX20,U29GK,4,,3,2022-06-19
VCKSA,6P3VN,,4,,2022-05-02
VCKSA,UEVYS,4,,2,2022-03-10
AE324,OZBPO,,,,2022-10-10
PPAEN,FUS1Y,4,,,2022-10-18
PPAEN,UADIT,,5,2,2022-06-08
PPAEN,DRNO4,3,,,2022-05-29
CNHAF,AWFGJ,,3,,2022-01-04
A7G08,VKCWC,,,1,2022-07-26
A7G08,VRWGT,3,3,,2022-10-13
I1H4U,HGTUB,,,1,2022-09-24
I1H4U,5NRYI,,,4,2022-10-01
J85EZ,OTAU7,,4,,2022-10-22
J85EZ,TYD9O,2,,,2022-01-17
JC623,GV6M6,5,,,2022-06-08
2WKJ6,N8P04,,3,,2022-07-14
S4GKE,HQF90,,,3,2022-09-15
K9O3V,A8U7K,5,5,,2022-03-10
D5WMR,4PJSD,,,,2022-03-07
MBPBX,GPJ8L,,,1,2022-03-07
DSQMQ,92I2Y,4,,,2022-10-06
VD6SK,62876,4,,,2022-09-02
MI9PQ,05M7F,1,4,,2022-08-22
ZKOH6,5H4D3,,,,2022-04-09
ZKOH6,Z0LJU,4,,5,2022-05-13
QLIY5,6GSGP,1,5,3,2022-10-12
N8WG4,Y10ZO,,,,2022-01-11
N8WG4,O9NN6,,,3,2022-09-01
N8WG4,9EN65,,,,2022-01-15
BWFAD,3RNZG,1,1,4,2022-04-24
BWFAD,67EYU,,,,2022-09-18
ZDG31,C9XKL,3,3,2,2022-06-27
ZDG31,Q0UI3,,,,2022-07-17
ULVGM,LQ8DW,,,2,2022-10-13
17FO7,4DGUK,,,4,2022-06-07
VY1PC,ZXBS8,,4,,2022-04-15
7WVZG,A34BI,,,,2022-01-06
7WVZG,85TQL,3,4,,2022-05-01
GOZG4,GQIZU,,,5,2022-04-22
GOZG4,N7TIV,5,4,,2022-08-02
GOZG4,VX9SU,2,,2,2022-07-02
ZRPSM,LC3OK,,,2,2022-01-14
ZRPSM,W3UYZ,,,3,2022-10-28
ZRPSM,1HBQW,,,,2022-07-26
Z9LJN,Q1X68,,,,2022-08-10
Z9LJN,ZST93,3,,,2022-08-03
RSZ8L,WH1ZH,4,,,2022-09-24
RSZ8L,4OUJ8,,2,4,2022-01-15
RSZ8L,8EBHM,3,,,2022-06-27
J6SLU,4UMXE,,4,,2022-06-03
J6SLU,3AFOH,5,,,2022-02-16
3JK3B,C8HL5,,,,2022-05-15
3JK3B,1VT3O,4,,1,2022-07-12
GCX9Q,86J10,4,2,,2022-01-20
GCX9Q,IXU4J,5,,,2022-01-09
GCX9Q,SAZF9,,,,2022-04-17
UP2YY,JI8HS,,2,5,2022-10-15
UP2YY,Y2ZFL,2,,4,2022-04-09
NOR3W,AZB2M,,4,5,2022-09-30
NOR3W,4L0BA,,,,2022-09-24
NEI52,U98HN,5,3,1,2022-10-23
9B61G,ZTLSE,,1,,2022-04-08
9B61G,6IPKS,,,5,2022-03-23
3L6YR,Y26NY,,2,,2022-02-15
3L6YR,2LVZE,,,2,2022-05-08
28KWN,6K1RV,2,,5,2022-04-05
UQF7I,ISPDE,5,4,,2022-10-07
UQF7I,CA1H1,1,,,2022-07-26
NVJNV,G2W79,,2,2,2022-05-18
NVJNV,XAY57,,,,2022-03-05
AL0KT,4OUJ8,,,,2022-05-09
AL0KT,5H4D3,,,1,2022-01-04
F6E0B,PINBW,,,,2022-01-20
F6E0B,NJYKN,4,5,1,2022-08-08
QSFQO,CHM29,3,,,2022-05-14
KYBOM,152MD,,,,2022-04-24
KYBOM,FFBXJ,2,,,2022-04-24
GIBAA,DNCLE,3,,,2022-05-06
GIBAA,1HBQW,,,,2022-06-06
KA6E4,L3VKI,1,,,2022-03-08
VLEDI,7CIPO,1,,,2022-01-01
VLEDI,4VDK3,,4,5,2022-02-24
GNBDQ,GKTCF,1,,,2022-01-17
GNBDQ,XAY57,5,,2,2022-06-21
GNBDQ,WX9FX,1,2,,2022-02-18
23NVZ,07RB8,,2,2,2022-05-13
23NVZ,1HBQW,,,,2022-01-04
5C0M1,EJ8AM,1,2,,2022-07-06
5C0M1,AWFGJ,2,,5,2022-09-15
CHEEQ,FCQGQ,,4,3,2022-04-11
EI2V3,AZQD3,,,3,2022-03-14
EI2V3,BL4U8,,1,1,2022-08-02
K41L2,Z49UX,,,2,2022-03-07
0VI2U,8VI0V,3,5,,2022-09-13
0VI2U,RVZRR,,5,1,2022-09-06
MFFZT,Y4HF3,,,,2022-05-30
MFFZT,UEVYS,,,,2022-10-21
K7PBP,MABWW,,1,,2022-04-19
K7PBP,P1ZUA,4,,,2022-07-28
MJL8T,5PQAC,,1,,2022-05-04
5161D,U5R93,,,,2022-05-13
5161D,QQB6Q,3,,5,2022-03-15
5161D,1XG6O,4,,,2022-10-02
JPAQK,OPGY0,,5,,2022-06-17
JPAQK,6EBHW,3,2,4,2022-02-25
QFE4D,ARQJD,,5,4,2022-10-19
QFE4D,N8P04,1,1,,2022-07-18
QFE4D,UFNZK,,,1,2022-03-02
31U1S,X9W2Z,,,2,2022-09-14
31U1S,BBHBZ,1,,4,2022-09-30
31U1S,DPGAP,,,,2022-08-07
3QKNG,XAY57,,1,,2022-01-15
UOQQQ,WUSF0,4,,,2022-09-05
UOQQQ,9CR7S,,,,2022-08-27
UOQQQ,OETM3,,,,2022-10-23
GWCEK,BL4U8,3,,,2022-03-30
GWCEK,JWXSS,,,,2022-05-21
3SZYH,8LJTP,3,5,,2022-03-03
ELS9U,IJ61L,,4,,2022-09-03
ELS9U,3S3MN,5,,3,2022-05-18
FBQKG,WH1ZH,,,5,2022-09-29
NIT79,BHDQW,,,3,2022-01-08
NIT79,0YDV7,,4,3,2022-10-11
NIT79,C78AR,,4,,2022-10-13
32D25,WDR82,2,,5,2022-08-10
32D25,C1NTG,,,,2022-04-05
L2EVX,29003,5,4,,2022-03-13
L2EVX,O8YYV,,,,2022-10-22
7RFUM,PINBW,,3,,2022-06-13
7RFUM,7QINW,,,,2022-08-11
O7HKP,VX9SU,3,3,4,2022-04-02
O7HKP,SNR6X,,,,2022-10-16
ZNQOP,EJ2DW,4,,,2022-10-05
Q3K6Y,AP5ZX,,,,2022-10-01
Q3K6Y,T40C2,,,3,2022-02-08
QGU1G,BF3QQ,,,,2022-06-21
QGU1G,IJ61L,4,,,2022-01-26
R71RZ,WJRLZ,,,,2022-06-15
R71RZ,G558B,,,4,2022-06-03
LXLLZ,4PJSD,,,,2022-04-09
LXLLZ,CA969,,1,4,2022-06-19
87KJ3,VJV2D,,,,2022-10-28
W11VL,XAY57,,,,2022-08-25
W11VL,YA5CE,,5,,2022-05-08
4L72G,X1CL7,,,1,2022-04-30
4L72G,F5WTM,4,4,1,2022-07-11
LN19C,IBCNI,,1,,2022-03-20
LN19C,G2W79,5,,2,2022-06-04
YI585,1WI5Q,,,2,2022-05-31
YI585,4DGUK,4,1,,2022-09-04
J05YP,0HGJC,4,1,,2022-09-19
J670J,A5WQ0,,3,1,2022-09-28
3GLLQ,WJRLZ,,,,2022-06-30
3GLLQ,CYGAE,4,,,2022-05-18
3GLLQ,Q0UI3,,1,,2022-08-09
OPS7M,FRH4L,,5,,2022-10-03
U9IHI,H7FKP,,,,2022-04-19
U9IHI,R8LB9,,,1,2022-05-08
U9IHI,C78AR,,,1,2022-01-10
0VBVH,3DEPB,2,,,2022-08-08
0VBVH,KR138,5,,2,2022-05-21
96A1O,BJLLH,,4,,2022-01-02
96A1O,CGC2X,,,,2022-01-27
HS3Y5,P4FIZ,,,,2022-10-06
HS3Y5,BSJMW,,1,,2022-09-18
W1C0V,E9K7C,,2,1,2022-07-29
W1C0V,7TOUB,,,,2022-07-02
W1C0V,D73LI,,,4,2022-01-17
29OYG,JY3X4,,,,2022-10-24
Y85R4,HQSNA,,,,2022-06-07
EX0P4,6EBHW,,,,2022-02-25
EX0P4,L18JT,,,1,2022-08-20
D2UK0,NBQEK,1,1,,2022-02-27
D2UK0,HYR8F,,3,,2022-04-29
3PM3M,C9XKL,1,,,2022-07-18
3PM3M,KVQRA,2,3,2,2022-03-05
1YV4D,P4FIZ,2,,,2022-02-18
B75JY,Z0LJU,1,,5,2022-09-07
B75JY,1149O,,3,3,2022-10-06
D4ZWD,GQIZU,,,2,2022-10-09
JSUMG,F98VS,,,,2022-10-11
G00D1,4L0BA,,,,2022-09-26
DX4HK,T4T3I,4,,,2022-03-11
DX4HK,G558B,2,4,,2022-05-14
80A8F,61A69,5,3,,2022-03-09
80A8F,C8HL5,2,,,2022-04-14
80A8F,LHRYU,,,,2022-03-20
7JVGI,0HC1E,4,,5,2022-05-08
7JVGI,V20LN,,,,2022-09-30
P6AVV,Z5WLW,,5,,2022-10-03
P6AVV,46YCO,,,,2022-04-09
P6AVV,Y4RHZ,,4,3,2022-04-11
BY6MS,P0JA5,,3,5,2022-07-20
BY6MS,DNCLE,,,2,2022-06-27
ZRYY6,C0UHU,,1,,2022-06-24
7M8II,P0JA5,4,,,2022-03-01
7M8II,670AO,2,5,,2022-01-15
CXRQA,D7CK2,1,,3,2022-09-07
B8HWI,NKNLM,3,,,2022-01-14
B8HWI,LBHMK,,4,1,2022-10-22
BFNT5,QFR1K,5,4,4,2022-05-03
BFNT5,E189I,,5,,2022-01-28
BFNT5,CVK2U,,2,,2022-03-16
XKF48,PB6Z6,,,2,2022-08-26
H1VZ6,5PQAC,2,,5,2022-06-28
H1VZ6,VW8H6,,2,1,2022-07-22
ID4U1,2SZAM,1,5,,2022-10-03
KXRCM,R5OOD,4,3,,2022-02-22
P53VO,VJL5E,4,,,2022-08-04
P53VO,HSQAJ,1,5,3,2022-01-23
BJ5MR,BQ74R,,2,3,2022-06-16
MZKMH,BF3QQ,,5,,2022-08-24
KD4EF,ZST93,,,4,2022-05-11
KD4EF,QWAWV,2,4,2,2022-05-27
AHN40,8Q3XK,5,,,2022-07-18
AHN40,1H9CX,,3,2,2022-05-21
MMVUI,3AFOH,2,5,5,2022-03-12
MMVUI,F98VS,,,,2022-10-12
HTN21,DAWJW,,,,2022-02-18
HTN21,XAY57,,3,5,2022-01-08
HTN21,L8LC6,3,,,2022-05-12
3WTUH,PB6Z6,,,2,2022-01-18
3QX44,RJWPA,4,,,2022-09-08
V7MFZ,FWB4W,,2,,2022-01-21
V7MFZ,BJLLH,,,,2022-10-26
DQHRQ,PRF6N,5,2,,2022-10-04
DQHRQ,3XOCG,5,,3,2022-03-07
DQHRQ,Y10ZO,4,2,,2022-05-19
TVTMO,1VPD1,,,3,2022-08-23
I6EW3,BW3MU,,,,2022-10-21
I6EW3,8F6ZS,4,,4,2022-04-10
FHC7C,FFZPQ,,,1,2022-08-07
1OB8R,EBQH2,,,,2022-06-26
1OB8R,6ZG2P,1,,,2022-03-12
VHUH7,SEOMV,3,,4,2022-01-12
VHUH7,VKCWC,5,,5,2022-06-26
0UIH1,IBCNI,2,,,2022-03-15
0UIH1,6NS86,4,4,,2022-05-31
6QFD3,AWFGJ,,2,3,2022-05-19
6QFD3,LZLDV,5,5,5,2022-02-07
MAQ20,HC0DY,,,,2022-01-11
MAQ20,WSHUH,,3,,2022-01-09
A738K,8X3PV,,5,3,2022-03-10
TCL8K,5XI94,,,,2022-09-26
TCL8K,DAWJW,,2,,2022-09-11
TCL8K,6QJGV,,,,2022-01-06
I3FV0,SB3L6,2,,,2022-05-06
ZD8HY,JQY1C,2,,,2022-09-27
C0DKH,R8LB9,,,,2022-02-01
C0DKH,OTAU7,4,,,2022-01-21
ARPGW,V5MBV,4,1,5,2022-09-09
ARPGW,AWXDQ,3,,1,2022-07-20
BCD6Y,XYUHX,3,5,1,2022-03-01
UTXQ0,Z6UIX,,,,2022-08-31
0KWBK,BSJMW,,,4,2022-01-01
C9PNG,WUSF0,3,,,2022-03-02
XFUTX,ZXBS8,3,,,2022-02-27
XFUTX,R5OOD,5,,,2022-03-04
IHYZO,W2FN3,,,,2022-03-03
IHYZO,9WYAI,,,,2022-09-06
IHYZO,2SZAM,2,,,2022-09-22
QY4TX,TJX73,,5,,2022-04-05
QY4TX,KGD5Z,5,2,,2022-08-31
QY4TX,XMWLA,,5,1,2022-05-08
HEWAY,JI8HS,,5,,2022-01-10
HEWAY,HFAMO,,3,,2022-07-07
PTWTQ,FYQCT,,,2,2022-06-04
8ZMGH,08KUN,,,,2022-03-29
8ZMGH,O9NN6,3,,4,2022-04-04
8ZMGH,SB3L6,3,1,,2022-09-04
O2GM5,WW2NM,,,3,2022-05-08
UV3UZ,L9Y33,5,5,4,2022-04-03
UV3UZ,OPGY0,5,,5,2022-03-29
LNK75,SNR6X,1,1,3,2022-03-05
LNK75,H7FKP,3,2,,2022-06-29
NWBZ2,519G2,5,,,2022-02-23
OQRY2,6IPKS,5,,,2022-05-31
OEVFB,CXDQI,,,,2022-01-03
OEVFB,WUSF0,2,2,,2022-09-24
OEVFB,M2HT6,5,2,,2022-06-01
YNRQM,JWXSS,5,,1,2022-03-08
4E6TM,I8U4Z,,1,4,2022-01-08
4E6TM,SGSRE,1,,5,2022-05-06
LAZEE,VJL5E,1,2,,2022-01-15
H76NU,0WYR7,1,2,2,2022-01-19
H76NU,9CR7S,1,,,2022-08-11
PS575,3M1YI,,,5,2022-08-26
PS575,Y2ZFL,3,,3,2022-02-27
PS575,RPWW0,2,,,2022-03-01
VJ7BS,6KXC3,,,5,2022-01-11
X1OFN,I8U4Z,,,,2022-06-12
X1OFN,YFIBA,,,,2022-06-19
X1OFN,V2EVU,,,1,2022-08-09
X8DQM,8HSSP,,,,2022-05-10
X8DQM,Y2ZFL,,,4,2022-10-04
D8XWN,ZXBS8,,,,2022-04-07
D8XWN,G06XS,,,,2022-02-23
D8XWN,3DEPB,,5,1,2022-05-22
L9Z76,62876,,,1,2022-07-18
L9Z76,G9Q2G,,4,2,2022-03-26
34CO5,PZXJ8,,1,,2022-02-20
WP5LA,7CIPO,2,3,5,2022-02-07
WP5LA,VRWGT,,4,,2022-06-17
V4KU0,P8UM4,,,5,2022-09-08
UHK0I,3K1ND,,,3,2022-01-27
AHYNX,TH583,1,1,,2022-04-09
AHYNX,SZXQH,,,,2022-07-24
2CS1W,7CIPO,2,,4,2022-01-09
ZIP2N,BX2PI,4,,,2022-08-26
ZIP2N,87CKX,,,5,2022-07-04
M22VL,LJNGC,,,5,2022-04-03
M22VL,PV7VX,,,1,2022-04-18
HI202,P3UIF,,3,2,2022-08-26
HI202,LBHMK,,1,,2022-05-05
A2ZTX,CGC2X,,,,2022-02-11
U6275,N169E,,5,3,2022-01-19
U6275,9CR7S,,1,,2022-02-26
VX25V,AZB2M,,,,2022-06-02
VX25V,SZXQH,,,2,2022-01-11
T9ZSG,LZAU3,,1,5,2022-10-11
QN8ZE,AWFGJ,,3,,2022-06-18
QN8ZE,SFE8H,4,2,,2022-10-04
H3RDT,WHC3M,2,2,2,2022-06-28
H3RDT,IH8AP,,,,2022-06-29
C07UU,6RCV4,,,,2022-07-04
C07UU,QWAWV,,,,2022-03-03
KU4UY,BQ74R,1,,4,2022-04-21
1A7TF,P8UM4,,3,1,2022-02-13
V9QH1,QR035,2,,,2022-05-15
V9QH1,3FKG7,1,,2,2022-09-02
1JCS5,PBHFC,,4,,2022-05-19
PKSKL,JQY1C,,,4,2022-08-15
T6FM4,QMNGC,4,,2,2022-05-07
T6FM4,LZAU3,4,1,,2022-04-25
R9VGY,M2HT6,,,,2022-01-17
CX5HZ,0WYR7,2,4,,2022-09-22
CX5HZ,CA1H1,1,,,2022-04-15
K1WJT,8Q3XK,,,,2022-03-22
ULP7M,C1NTG,4,3,2,2022-02-22
S2EUS,DZC76,2,,,2022-02-12
S2EUS,1MXH9,,,,2022-08-27
S2EUS,LC3OK,,2,4,2022-05-19
Y8MOX,4GR4S,,2,,2022-01-13
HHIUW,9X7GU,2,5,,2022-08-12
HHIUW,KGD5Z,5,2,5,2022-06-04
4LPMU,T40C2,,2,,2022-10-04
N2MTA,O0KP9,,3,3,2022-09-22
XXUXR,8LJTP,4,2,,2022-02-23
XXUXR,F5WTM,2,5,4,2022-03-07
5FZ9F,Y4RHZ,,1,,2022-03-22
7KG61,U29GK,5,,,2022-02-22
7KG61,N169E,,,,2022-07-11
7KG61,IBCNI,5,4,,2022-05-19
Q5K3I,OPGY0,,,,2022-08-31
RX4XW,FXVJ8,2,,2,2022-10-06
RX4XW,NKKLD,3,,1,2022-05-11
GPQ22,R2YNB,2,,4,2022-06-08
GPQ22,VPIG7,,,,2022-10-28
1XG6O,LC3OK,,2,,2022-04-12
1XG6O,7T5MJ,,,,2022-03-03
12TJH,M63IT,3,,,2022-09-01
12TJH,PZXJ8,,,,2022-07-14
12TJH,BBHBZ,,2,,2022-05-09
QWAWV,SHGFE,,,4,2022-07-27
QWAWV,DI0C5,,2,,2022-09-27
1E2BT,84ZNK,,2,,2022-05-27
77KUY,6GSGP,,1,2,2022-08-04
77KUY,KGD5Z,1,3,,2022-04-29
U4K0S,6IPKS,,,,2022-07-03
U4K0S,DAWJW,,5,5,2022-07-18
CA1H1,51WHM,,4,5,2022-06-07
VKCWC,CXDQI,,,4,2022-03-01
NW0RD,YA5CE,,,,2022-01-02
NW0RD,UEAU3,2,,4,2022-08-20
0YU61,V2EVU,,3,4,2022-10-01
CJZRT,2LVZE,,1,5,2022-02-11
NUPCW,OPGY0,5,,,2022-09-29
NUPCW,G6G4D,,5,1,2022-03-21
NUPCW,9CWE6,,,,2022-08-20
3M1YI,W7QGR,5,,,2022-02-13
3M1YI,7ERSM,,,2,2022-04-14
Y0FAM,E9K7C,,,,2022-05-30
Y0FAM,O9NN6,,2,,2022-10-22
Y0FAM,LZLDV,,4,3,2022-06-13
55M8O,TH583,2,3,,2022-01-16
55M8O,4CXZQ,3,3,,2022-04-11
DG4JB,EGA3T,1,,,2022-04-28
CT9EA,H2NH0,,,2,2022-07-05
CT9EA,N7TIV,2,,,2022-05-20
CT9EA,6PA04,1,5,1,2022-08-15
1IN21,O83AN,,,4,2022-02-24
ZHZW5,9EN65,,,,2022-02-06
ZHZW5,C0UHU,1,,4,2022-08-29
XAEMH,PRBZA,2,,2,2022-08-22
BLIBV,SEOMV,1,4,,2022-02-27
BLIBV,GV6M6,,,1,2022-02-08
40KS6,W2FN3,,5,,2022-10-11
40KS6,FWVAJ,,,,2022-09-23
8XKTJ,NKKLD,,5,1,2022-07-03
ZW64O,OZBPO,,,3,2022-02-09
ZW64O,LV4UC,,,2,2022-05-18
ZW64O,G9Q2G,1,4,,2022-06-18
PW40B,HQSNA,1,,2,2022-05-03
YM05M,JWXSS,,5,2,2022-03-21
IJBH1,OREG1,2,,,2022-06-21
IJBH1,2LOF1,,1,,2022-04-12
TGLI2,0HGJC,,,,2022-01-06
0WZQE,EJ2DW,,,,2022-02-06
0WZQE,X7OBY,,,1,2022-10-07
0WZQE,NKKLD,4,3,,2022-06-04
NQ2V5,K3MXR,,2,2,2022-09-17
ILH54,670AO,,,5,2022-04-05
TLGJQ,KVQRA,,,,2022-10-01
ZNF0R,QR19G,,4,,2022-03-16
L72RV,OTAU7,1,,2,2022-04-03
L72RV,2SZAM,,5,5,2022-02-25
L72RV,K3UHS,,,,2022-07-30
VR7T2,MRY5A,4,,4,2022-02-01
F9R3A,PV7VX,1,1,,2022-05-05
F9R3A,OE791,,5,4,2022-07-17
PFO1U,6EBHW,,,1,2022-04-24
DGIQS,08KUN,,,5,2022-08-01
F28UM,BKW17,,3,2,2022-03-20
F28UM,449OC,,,1,2022-08-23
F28UM,JZ1WL,,5,,2022-08-01
KGX0O,4UMXE,1,4,3,2022-08-17
KGX0O,Z0LJU,,,,2022-06-22
EGS01,4FD3N,4,,,2022-02-05
EGS01,C1NTG,2,3,,2022-08-20
EGS01,8K3RE,1,3,4,2022-05-30
YY9SM,QMHWG,,2,,2022-03-13
YY9SM,F1I7H,1,,4,2022-03-15
V8GKC,GQM6L,4,3,,2022-01-13
S1V3H,AWXDQ,3,,,2022-09-13
S1V3H,IXU4J,,5,1,2022-07-05
DGJ85,SB3L6,2,,2,2022-01-27
DGJ85,IUWG8,5,1,,2022-02-04
DGJ85,PHPNC,1,2,1,2022-09-21
PPOCS,3FKG7,4,,,2022-10-22
PPOCS,TYD9O,,,,2022-02-20
PPOCS,5PQAC,2,4,2,2022-02-28
34K6O,U4K0S,,3,4,2022-01-16
XLZ45,5XI94,1,,1,2022-07-29
XLZ45,NCDRU,,,,2022-09-23
B0WMN,NL2WY,,,,2022-09-21
B0WMN,UOQ2K,,5,,2022-08-18
B0WMN,P8DKB,4,5,,2022-06-12
XK3GJ,G06XS,,5,,2022-04-17
XK3GJ,6A1CR,,,,2022-06-24
GT3TI,U5R93,1,,,2022-09-07
1HKQM,AU687,,,,2022-09-29
1HKQM,6ZG2P,3,3,,2022-05-19
1HKQM,PZXJ8,,2,4,2022-02-01
WLPL6,W7QGR,5,3,,2022-08-26
WLPL6,E9K7C,5,5,5,2022-02-14
MDCRW,1E2BT,3,,,2022-08-16
P34SI,3LLAJ,,,3,2022-05-11
SRXC0,Q9QW3,,2,1,2022-05-25
YE3NU,IBCNI,5,2,,2022-01-25
YE3NU,Y1GW1,,,,2022-02-09
CC7BL,VZNU6,1,,,2022-09-28
IHE8P,RYVDX,,5,,2022-01-18
FQGYY,LJNGC,,,,2022-07-27
8DXG1,FWB4W,,2,4,2022-01-11
3200F,HQSNA,2,,,2022-09-04
3200F,HYR8F,4,,5,2022-08-24
N5FGR,Y2ZFL,,,3,2022-08-12
N5FGR,BL4U8,,,,2022-02-16
N5FGR,HYR8F,,3,5,2022-06-01
05TT7,KGD5Z,5,1,,2022-05-24
6IKGL,T40C2,,3,2,2022-01-15
XE0RZ,0QEPM,,2,,2022-03-17
5EICG,K5CLT,3,,,2022-07-06
ER7HT,X342E,,,,2022-10-10
ER7HT,CGC2X,,2,,2022-01-24
5XGBY,HGTUB,5,,2,2022-01-09
5XGBY,UDZHR,2,,5,2022-07-31
6Z0GW,XYUHX,3,4,,2022-02-09
NEW1K,X1CL7,,,,2022-01-28
NEW1K,T21O4,3,2,,2022-03-27
GFNR1,DI0C5,,3,3,2022-05-17
HBAFR,92I2Y,3,,,2022-01-24
U4LP6,6KXC3,1,,3,2022-02-09
U4LP6,8X3PV,,,1,2022-09-29
8AQG4,6GSGP,1,,,2022-03-19
8AQG4,P35EW,1,,,2022-04-12
THO1P,PRBZA,1,1,,2022-10-12
THO1P,QTM9A,5,1,2,2022-07-02
011WF,3KFLS,4,5,,2022-08-10
011WF,20AR2,,,,2022-03-07
011WF,LV4UC,,,,2022-09-28
JMFY4,0C7T4,,,,2022-03-20
JMFY4,YAK94,3,,4,2022-10-26
LT1QA,QN99Y,,,,2022-09-20
LT1QA,BW3MU,,,,2022-03-03
ELMVL,IJI6N,,,3,2022-07-03
RK6DU,JQY1C,,1,,2022-05-19
3XNZ1,AADER,,,,2022-09-13
3XNZ1,V5MBV,,,,2022-04-08
RBP64,CZ859,2,,5,2022-03-01
RBP64,XYUHX,,,,2022-08-06
CSD0V,UVBIT,,,,2022-01-18
CSD0V,0C7T4,1,1,,2022-07-31
P027C,5PQAC,4,,,2022-02-22
P027C,DDZV9,4,,,2022-04-04
BKV8V,6IPKS,,,,2022-08-25
M2S46,NJN0G,1,,,2022-09-19
M2S46,07RB8,1,,,2022-05-20
P6VUR,HC0DY,,3,3,2022-05-01
42LPG,R7K4O,,1,,2022-05-31
42LPG,G558B,4,,,2022-06-10
6BAHN,449OC,,,5,2022-01-01
NEDMB,GPYLB,,2,,2022-03-16
NEDMB,TH583,,,1,2022-09-29
NEI16,PCL39,3,2,,2022-05-10
NEI16,BIVH0,,,,2022-03-04
VUIFU,9EN65,2,2,,2022-03-28
VUIFU,LHRYU,4,1,,2022-09-05
8G032,EJ2DW,,,,2022-05-28
8G032,4CXZQ,,,,2022-10-03
8G032,7E9AJ,,5,,2022-09-19
7D92X,ET59G,,4,4,2022-08-09
7D92X,5MYGN,2,,4,2022-06-10
7D92X,GPYLB,,,,2022-01-13
WYFM8,WPI4A,2,1,,2022-06-06
WYFM8,ZXBS8,4,2,,2022-09-30
WYFM8,LJNGC,,2,1,2022-08-09
6VLT3,07RB8,,,,2022-09-15
7ISAX,P8UM4,4,,3,2022-10-03
7ISAX,FZ6BO,,1,,2022-01-19
Q4PTS,D7CK2,,3,,2022-06-22
Q4PTS,9X7GU,,3,,2022-04-11
KM0EY,AWFGJ,,,5,2022-09-30
GVRV3,GV6M6,,2,,2022-07-09
GVRV3,YAK94,,,1,2022-08-07
DR99N,D7CK2,1,,4,2022-01-16
DR99N,ET59G,3,,2,2022-05-07
B9099,8AOIB,,,,2022-05-02
B9099,UOQ2K,,,,2022-07-01
B9099,9X7GU,3,,,2022-01-20
9YSA1,XAY57,,,,2022-06-11
9YSA1,XWXLZ,,1,,2022-08-02
2NXQQ,R8LB9,5,5,,2022-09-03
2NXQQ,T4T3I,2,,,2022-02-02
2NXQQ,J5PAC,,4,4,2022-10-09
9CX7X,6FWZI,,,1,2022-06-06
HVYPZ,4GR4S,1,,,2022-09-21
KX7PW,WJRLZ,,,,2022-01-02
KX7PW,36SYH,,5,5,2022-03-24
KX7PW,JUDOH,,,,2022-01-06
SNKBL,RVZRR,2,,,2022-10-06
GKKI8,QFR1K,,4,,2022-07-25
05K3U,WH1ZH,,,4,2022-02-07
05K3U,OREG1,,1,,2022-03-15
05K3U,FWVAJ,4,5,,2022-02-16
B1JLP,5JJX3,,,1,2022-08-25
B1JLP,IP7TK,,,2,2022-09-10
B1JLP,0WYR7,3,,,2022-03-19
BMK8A,PZXJ8,,1,,2022-03-12
BMK8A,SZXQH,4,1,5,2022-07-04
KIIZ7,BJLLH,,,4,2022-06-04
KIIZ7,Q1X68,,1,3,2022-09-01
KIIZ7,7QINW,2,1,,2022-02-01
GWS4Y,A8U7K,,4,,2022-04-17
DIVWB,7H518,,,,2022-02-14
DIVWB,HGTUB,3,,4,2022-02-21
4DMZ0,5NRYI,,5,,2022-07-22
VLADK,GQIZU,,1,1,2022-04-19
VO9HI,QTM9A,4,,,2022-04-11
4N2BL,G9Q2G,4,,,2022-05-03
4N2BL,G06XS,,4,,2022-08-09
KWXKL,P8DKB,4,,,2022-09-30
YTQBP,KV5S9,,,,2022-09-12
YTQBP,36SYH,4,5,,2022-07-12
ROX80,WX9FX,,,,2022-09-08
ROX80,R5OOD,,1,,2022-06-28
NI81W,PV7VX,4,,,2022-06-19
89PH1,FFZPQ,,,,2022-05-26
89PH1,RYVDX,3,,,2022-08-17
OCYY1,9CR7S,1,,,2022-05-12
VGVF8,HFAMO,,,,2022-05-23
VGVF8,85TQL,3,,,2022-10-07
KLLWU,P3UIF,,,,2022-05-12
KLLWU,C1NTG,,,2,2022-01-14
19AOW,AWFGJ,,,,2022-04-15
YLVNU,0C7T4,,3,,2022-02-28
YLVNU,7IVK8,,,,2022-08-15
YLVNU,4GR4S,2,,,2022-04-23
A6VKI,JCCF8,,,,2022-06-03
A6VKI,6F0TV,3,1,,2022-08-02
YCOTD,AZB2M,3,,,2022-02-20
YCOTD,6F0TV,4,,,2022-04-24
YCOTD,BK9EY,1,,3,2022-02-14
UWS65,VX9SU,2,,,2022-07-05
UWS65,GLVQG,4,3,,2022-10-11
806KP,EGA3T,,,,2022-04-30
ZZYOG,5H4D3,,3,1,2022-04-28
ZZYOG,LZLDV,,2,4,2022-05-08
4AJIZ,5H4D3,,1,1,2022-06-11
4AJIZ,19J34,,,,2022-02-12
D8QFI,RPWW0,3,,1,2022-02-08
D8QFI,N169E,,3,,2022-07-06
FKLYG,BV5DO,,4,2,2022-05-14
BU7CW,PHPNC,,2,,2022-07-06
BU7CW,29003,,5,,2022-02-15
FPXIF,TJ6FX,3,,3,2022-09-29
FPXIF,6FWZI,,,,2022-06-15
VYCQV,T21O4,1,,,2022-01-15
VYCQV,FRH4L,3,,,2022-05-11
LLZ6O,K3VTH,2,2,3,2022-09-24
66PSO,4GR4S,4,,,2022-03-06
LRD1B,FFZPQ,,,,2022-05-26
LRD1B,22VQ9,,,,2022-02-03
010JB,4OUJ8,,,,2022-02-02
1A6DQ,08KUN,,,,2022-10-19
1A6DQ,0WYR7,,1,5,2022-03-27
1A6DQ,3I68A,,4,3,2022-01-24
ZTV8E,U29GK,1,,3,2022-05-30
ZTV8E,VJL5E,5,,,2022-01-04
ZTV8E,SGSRE,3,2,,2022-02-08
HRDSY,ZVZGY,,,,2022-07-21
EU9FM,A7G8C,1,,5,2022-04-23
EU9FM,4I4WY,3,,2,2022-06-24
EU9FM,9R01Y,3,5,1,2022-07-09
I4UAO,S3AB0,4,,,2022-10-05
XYGE7,AZB2M,,1,,2022-03-26
XYGE7,4Z5VC,1,,1,2022-06-14
B75QF,Y1GW1,3,3,,2022-05-24
B75QF,A5WQ0,,5,,2022-04-12
L6WTT,4OUJ8,,5,,2022-03-06
L6WTT,QWEC7,4,,,2022-06-17
5EO9W,BQ74R,2,4,,2022-05-20
7BLST,C8HL5,,3,,2022-01-25
7BLST,TJ6FX,1,,1,2022-01-11
IHKYE,C9PS9,2,,,2022-07-24
IHKYE,6RCV4,,5,3,2022-06-25
YK2FC,NUPCW,2,1,,2022-03-20
DCPZS,3FKG7,3,,3,2022-06-04
DCPZS,PQEAZ,,,2,2022-04-10
1KW1Z,TH583,2,5,,2022-09-06
CS52N,0HGJC,3,,,2022-03-18
26AJ1,87CKX,,,2,2022-05-27
26AJ1,CXDQI,3,5,,2022-08-01
1N21A,CAFPE,2,,,2022-02-28
1N21A,1H9CX,,,,2022-08-20
WWWUR,9WYAI,2,3,,2022-07-09
W8R0N,BJLLH,5,,2,2022-09-05
ZIKWD,CCMQG,5,5,,2022-06-14
Q273R,QN99Y,4,,,2022-09-21
Q273R,UEVYS,4,,,2022-05-06
WXB0W,UEAU3,,,4,2022-09-18
E8IE5,JY3X4,,3,,2022-07-30
YE9Y0,3O35F,,,4,2022-05-13
HLC2X,C9XKL,,,3,2022-10-18
HLC2X,LQ8DW,3,,5,2022-05-04
0PI7Y,TIQ1A,,,,2022-07-23
9GVYW,UP16N,5,2,,2022-04-10
9GVYW,AZB2M,3,1,,2022-08-23
W2TUF,8K3RE,,,3,2022-08-15
NQ3MK,U4K0S,1,,1,2022-04-25
NQ3MK,IP7TK,3,2,,2022-10-02
ISY5F,CZ859,,5,,2022-01-16
CXKB1,PB6Z6,3,,,2022-03-29
HGY3Q,P1ZUA,,4,,2022-04-27
7DTDQ,GVYOF,,,5,2022-06-24
TABM6,XV9E8,,,5,2022-02-27
TABM6,6PA04,2,2,,2022-09-12
MEID7,FRH4L,,,,2022-05-29
32MLE,EBQH2,,,,2022-07-25
32MLE,PB6Z6,,3,1,2022-07-15
32MLE,8MZDC,,4,,2022-01-14
REXP7,FWVAJ,,,,2022-08-11
RGJQ2,JCCF8,,,,2022-08-22
NXRXT,LJNGC,,,,2022-10-18
NXRXT,4UMXE,,,4,2022-06-15
5ON83,Q9QW3,,2,,2022-03-22
9UKNK,YDQ24,,3,1,2022-07-27
9UKNK,NJYKN,3,5,,2022-08-21
9UKNK,J83G9,1,,,2022-06-12
190M0,PRBZA,,1,3,2022-05-31
190M0,MRY5A,,,2,2022-08-24
K9XM5,2SZAM,2,,,2022-10-15
R5O4G,87CKX,,2,2,2022-03-12
1X4R3,KR138,4,,,2022-08-10
1X4R3,QMNGC,,5,,2022-04-09
1X4R3,ISPDE,1,1,,2022-05-10
O343K,AWXDQ,3,,2,2022-07-11
47ZNU,W2FN3,,,2,2022-05-10
47ZNU,UADIT,,3,3,2022-01-22
47ZNU,JZ1WL,,,,2022-01-14
YNKU0,BF3QQ,,,1,2022-07-06
YNKU0,8HSSP,,3,3,2022-06-12
YNKU0,YAK94,,,,2022-02-24
ZH6OP,JCA8Q,,,1,2022-02-01
ZH6OP,A8U7K,,,4,2022-09-19
ZH6OP,KVQRA,5,3,3,2022-09-29
GX3I6,VPIG7,,3,,2022-02-28
GX3I6,1MXH9,,3,2,2022-05-18
34E4O,OREG1,2,,,2022-01-14
STNED,RVZRR,,3,,2022-05-31
ZN52C,XZJXD,,,2,2022-02-09
ZN52C,77KUY,1,,,2022-07-02
GICLW,1VPD1,,5,3,2022-01-08
GICLW,51WHM,,,,2022-08-21
YCMO9,EBQH2,,3,,2022-08-28
YCMO9,AP5ZX,,1,5,2022-02-21
6VZZH,9CWE6,,1,,2022-05-06
6VZZH,XYUHX,,2,5,2022-09-29
3Y8CK,86J10,2,4,5,2022-08-02
3Y8CK,3AFOH,,,2,2022-09-10
3Y8CK,RVZRR,4,1,5,2022-05-15
YTQK8,L4VJ1,4,5,,2022-03-17
YTQK8,P8UM4,,,1,2022-07-10
K8DRJ,P8UM4,,1,1,2022-09-30
24T1N,HC0DY,,,,2022-09-10
QWNFA,Y26NY,,,4,2022-09-23
QWNFA,TT1MJ,,,1,2022-10-05
PQ9TN,LAAAV,1,1,4,2022-02-17
61BIL,UFNZK,4,5,,2022-01-15
7Q7LI,P8UOK,,,,2022-03-15
7Q7LI,Z49UX,,,4,2022-06-26
QFDCE,9CR7S,,2,,2022-01-30
QFDCE,BSJMW,5,,,2022-01-18
DQZ31,0YU61,,,,2022-01-16
DQZ31,UFNUW,5,2,,2022-07-08
ENAL5,Q6RDS,,3,,2022-09-16
GGRDK,G2W79,,3,5,2022-08-11
GGRDK,P8UM4,,,,2022-03-25
BWX1O,1MXH9,4,2,3,2022-07-15
BWX1O,H7FKP,1,,,2022-09-29
BWX1O,CYGAE,,2,1,2022-07-23
VM6YE,19J34,,1,,2022-06-13
VM6YE,QWAWV,1,,,2022-04-29
K2SW4,DGX8H,,,2,2022-02-26
ZK18A,HC0DY,,,4,2022-10-28
3B74Z,RPWW0,,3,5,2022-03-02
5E55S,DZC76,3,,4,2022-09-24
D2Q3L,SNR6X,3,1,,2022-07-12
G8JAV,36SYH,,,,2022-05-07
G8JAV,20AR2,1,3,,2022-10-08
HH5L2,0R2KU,3,,5,2022-05-20
HH5L2,A5WQ0,,4,5,2022-09-26
D263O,HC0DY,4,5,,2022-01-12
D263O,A8U7K,2,,3,2022-05-15
D263O,KGD5Z,3,,1,2022-05-16
7AP3F,DAWJW,3,,,2022-05-23
7AP3F,R5OOD,1,,4,2022-01-28
125DH,DRNO4,3,,,2022-03-22
125DH,G7ZYX,,4,5,2022-01-02
LBZKA,7E9AJ,2,,,2022-03-21
LBZKA,CZ859,,,2,2022-09-19
T4GB1,549RZ,3,2,2,2022-02-17
4VAZ0,L20JI,,2,,2022-01-03
DRUJF,1E2BT,2,,,2022-09-25
DRUJF,6EBHW,,4,2,2022-01-10
9USEK,JH82V,4,,1,2022-02-25
APWNU,P8UM4,,3,1,2022-02-20
OCO0L,ARQJD,,,,2022-07-03
9VJ3R,FFZPQ,3,,3,2022-04-26
7FBX2,4FD3N,,1,,2022-05-07
M5IPY,KVQRA,,,,2022-02-09
BEM0O,5JJX3,,,,2022-04-30
DTEM6,QFR1K,,,2,2022-05-27
DTEM6,DAWJW,5,,5,2022-02-27
5SO0V,Y2ZFL,,4,5,2022-02-18
5SO0V,0YU61,,,,2022-03-28
5SO0V,07RB8,,,4,2022-05-03
JRWX3,ARWEB,,,,2022-07-17
JRWX3,8LJTP,1,4,5,2022-04-05
9BCRK,CTMHY,,,,2022-03-13
9BCRK,HH8AJ,,,4,2022-04-24
C52MZ,UDZHR,3,2,5,2022-01-18
C52MZ,AP5ZX,,,,2022-08-22
80VSH,6GSGP,,2,2,2022-06-02
XVPN2,BBHBZ,,,,2022-02-21
MI92E,7IVK8,,1,,2022-04-27
LVMLU,3FLK5,,,,2022-06-11
QYX12,NL2WY,2,,3,2022-08-18
Y4JZI,PRF6N,1,5,,2022-09-05
Y4JZI,0V5C9,3,5,5,2022-05-18
Y4JZI,FFZPQ,1,2,,2022-02-02
0HQSK,67EYU,2,,,2022-09-05
0HQSK,F1I7H,1,,,2022-07-25
P2JJF,DDZV9,4,,3,2022-06-08
VUERN,D73LI,2,4,4,2022-06-12
VUERN,PQEAZ,,1,5,2022-10-10
C99EN,GJK7R,1,1,,2022-06-21
C99EN,LZAU3,2,4,,2022-03-21
6MX7E,JUDOH,2,3,5,2022-05-25
6MX7E,8X3PV,5,,1,2022-07-02
4VU99,C9XKL,,4,5,2022-03-14
OHP5L,GZ97S,,3,2,2022-08-05
T5EH5,RPWW0,1,5,,2022-08-24
687EJ,AU687,4,3,2,2022-06-04
9SZLC,7ERSM,,2,,2022-03-13
9SZLC,UFNZK,3,,4,2022-10-26
ZJQJP,OETM3,3,,,2022-04-07
U9VSQ,426K8,,1,,2022-06-26
U9VSQ,ZVZGY,,,3,2022-07-23
IZ1CH,LC3OK,1,,2,2022-05-19
0HCHB,7IVK8,,2,,2022-09-03
0HCHB,XZJXD,,,,2022-02-03
ZFEZB,QX1AY,3,1,,2022-07-07
ZFEZB,1HBQW,,,1,2022-10-21
ZFEZB,K5CLT,,,4,2022-03-21
7CV6O,JUDOH,,1,4,2022-01-01
L8DWW,1JA6J,,5,,2022-08-29
4B7RT,AWXDQ,,,,2022-01-04
4B7RT,PV7VX,1,3,5,2022-04-26
Y4LRQ,078O0,2,2,4,2022-02-14
Y4LRQ,MK3V5,,4,1,2022-10-26
F7QHM,AADER,1,4,,2022-07-31
EDFVE,G558B,,,,2022-10-02
Y7O7D,DI0C5,,,,2022-02-05
8WQ8N,NKKLD,,1,,2022-09-21
5WONO,R5OOD,2,2,,2022-04-01
PHLBY,FQUO1,,1,2,2022-06-07
PHLBY,QN99Y,5,1,,2022-04-19
DAN4S,BL4U8,1,,1,2022-02-16
DAN4S,0ZJZT,1,,2,2022-04-15
5CMBO,BQ74R,4,3,,2022-01-16
5CMBO,X7OBY,2,,5,2022-01-01
P8OWW,IXU4J,1,,,2022-07-24
H2F1B,M63IT,,,,2022-08-14
F1N7U,7VWUB,1,,,2022-05-18
717PI,4VDK3,3,,5,2022-09-19
717PI,0RNM3,,,4,2022-03-18
32TH1,TH5WQ,,1,,2022-07-27
32TH1,O0KP9,4,,,2022-05-13
R5WAU,0R2KU,2,1,2,2022-07-25
R5WAU,05M7F,,,,2022-10-23
S0XZX,NKKLD,2,,,2022-03-05
S0XZX,VZNU6,4,1,,2022-01-27
S0XZX,OE791,2,2,,2022-06-11
TIIZ7,BQ74R,,1,,2022-04-23
TIIZ7,3DEPB,5,,2,2022-07-21
78CNR,Q24R1,,5,,2022-08-11
6EVQH,LZLDV,4,,5,2022-09-01
6EVQH,EDOMX,,4,,2022-03-23
6EVQH,N3780,3,5,2,2022-07-26
4P2MC,8EBHM,2,,4,2022-07-31
4P2MC,AZB2M,,,2,2022-06-06
YRNCX,QMHWG,2,,,2022-04-24
YRNCX,HC0DY,,,,2022-06-21
TI3XK,1QXIF,,,,2022-08-09
TI3XK,CA969,3,,,2022-09-02
T7C4Q,IP7TK,,,,2022-03-02
DKV6T,SGSRE,,,,2022-09-28
DKV6T,K5CLT,,2,,2022-05-29
1ZSRG,CJZRT,,4,4,2022-08-18
1ZSRG,JY3X4,,4,,2022-07-01
X6XFU,WUSF0,,4,,2022-02-24
X6XFU,XU609,,4,,2022-08-06
X6XFU,EJ2DW,,4,,2022-09-17
0PAO8,JY3X4,,,,2022-04-27
0PAO8,20AR2,,,5,2022-05-18
6GV6U,NW0RD,,,,2022-07-03
6GV6U,P9Q6Y,,,5,2022-06-11
QQV3F,HVJUT,,3,2,2022-03-26
QQV3F,0R2KU,,5,,2022-07-05
WIIXC,K52E6,,5,,2022-07-14
L2V08,0OWRH,5,,4,2022-07-11
L2V08,3DEPB,,,4,2022-09-11
L2V08,VW8H6,4,,3,2022-01-24
H40RU,5XI94,5,,,2022-06-22
H40RU,GLVQG,1,,,2022-02-25
ZZO7Y,O0KP9,,5,,2022-10-17
ZZO7Y,TJ6FX,5,,,2022-07-12
57F8O,Z5WLW,,,,2022-08-30
57F8O,6IPKS,,1,1,2022-01-10
JPPSA,9FJ8S,4,,,2022-07-03
DUON5,1QXIF,5,,,2022-01-04
DUON5,FQUO1,,2,,2022-07-24
DUON5,K99E6,3,,,2022-01-26
M8Q98,3DEPB,,,,2022-09-24
OJVOT,7IVK8,3,,,2022-10-16
OJVOT,CGC2X,,,,2022-09-17
4PPY5,NBQEK,5,,5,2022-01-03
7S3SE,1QXIF,1,5,3,2022-08-30
7S3SE,07RB8,4,,4,2022-01-02
1IV1D,CUVCD,,3,5,2022-04-15
1IV1D,0HGJC,,4,2,2022-09-29
O8S8R,CJZRT,,,4,2022-04-24
O8S8R,8LJTP,,3,4,2022-10-10
F5HG5,WDR82,4,,,2022-02-24
F5HG5,HQSNA,,,,2022-08-11
N8X6I,V5MBV,1,1,,2022-06-28
D7QXD,PHPNC,,,,2022-05-30
OPCE8,EGA3T,3,,,2022-09-09
F4OTA,NBQEK,,,,2022-09-24
IR55S,8MZDC,,,1,2022-06-23
IR55S,6ZG2P,1,4,,2022-10-03
DUI40,CUVCD,,5,,2022-07-23
DUI40,X1CL7,,,2,2022-05-03
UBVEC,6QJGV,,,,2022-03-23
UBVEC,CTMHY,,,4,2022-03-14
KH2MK,QWK5C,,,,2022-06-01
D0S52,CXDQI,2,3,4,2022-07-11
D0S52,MABWW,3,5,2,2022-06-01
D0S52,PZXJ8,,,3,2022-10-11
1DDCA,ZTLSE,,,,2022-03-18
U683A,PRF6N,,,2,2022-03-21
U683A,8MZDC,4,3,,2022-08-16
V25AJ,WJRLZ,1,,,2022-01-20
V25AJ,6KVU0,1,1,3,2022-01-13
2C3O9,3S3MN,5,2,,2022-09-03
2C3O9,Q24R1,,2,2,2022-02-02
V2DG5,2LVZE,1,,,2022-05-22
V2DG5,TJ6FX,2,5,3,2022-01-23
5UUSW,CA969,,,,2022-10-16
5UUSW,U3D5E,,,,2022-09-21
9ACJU,U29GK,,1,,2022-08-26
WKUSR,6KVU0,,1,,2022-04-26
8WZ67,3KFLS,,1,,2022-10-01
5WEF0,3FLK5,,,1,2022-04-21
U40M9,WHC3M,,,4,2022-06-09
U40M9,6WQ8P,,5,3,2022-06-27
U40M9,MRY5A,2,,,2022-01-21
LF75W,HSQAJ,3,3,2,2022-09-03
LF75W,N7TIV,,2,,2022-07-20
6M648,PHPNC,5,4,,2022-09-16
6M648,HYR8F,,,1,2022-08-01
X7ALH,19J34,,,,2022-08-14
XZY37,Q1X68,2,,,2022-06-26
XZY37,UEAU3,,,,2022-04-09
MCPAM,77KUY,,4,3,2022-10-01
MCPAM,YFIBA,,3,,2022-07-04
MCPAM,ZTLSE,5,,4,2022-03-25
BFLOJ,I8U4Z,,2,,2022-05-11
AN1KX,4PJSD,1,,,2022-01-18
LF6XC,E9K7C,,,,2022-05-16
LF6XC,CYGAE,,4,,2022-04-23
ZMEIK,BSJMW,,,,2022-09-12
ZMEIK,4L0BA,5,5,5,2022-02-24
U6NSE,P3UIF,,4,3,2022-01-25
GU3PP,1JA6J,2,,,2022-06-03
IEHMO,6IPKS,,5,,2022-08-05
KGX1G,LV4UC,5,,4,2022-03-16
KGX1G,WH1ZH,,2,3,2022-05-12
KGX1G,VKCWC,4,,2,2022-08-25
SJ5HD,JUDOH,,,,2022-02-03
1LDDF,QLECR,1,,,2022-05-06
1LDDF,9CWE6,,,,2022-07-28
53DXQ,9CK79,,,,2022-04-10
LTYJ8,0BMS5,2,5,3,2022-01-18
O7JHA,VW8H6,,,,2022-03-15
MV8IE,FUAY0,,,2,2022-03-23
MV8IE,CA969,,4,,2022-05-15
MHYZN,4UMXE,,,2,2022-09-19
3VFQ2,1VPD1,,2,4,2022-04-28
3VFQ2,X7OBY,3,4,4,2022-05-02
FXJW9,M63IT,4,,1,2022-04-09
FXJW9,K52E6,2,,4,2022-07-07
S711S,6LV2R,,,,2022-05-14
1M3VQ,NJN0G,3,1,,2022-08-03
4Y2ZV,07RB8,5,,2,2022-06-29
FGGVY,XV9E8,,,,2022-07-12
FGGVY,K3UHS,,3,,2022-06-20
7YD44,NQP88,,,,2022-06-10
7YD44,T02WF,,,4,2022-07-11
UJG56,Q6RDS,,1,1,2022-06-20
UJG56,4MSI6,,5,,2022-02-15
119G3,V20LN,,3,,2022-02-01
119G3,69SJG,1,,4,2022-04-04
628RH,449OC,,,,2022-03-01
WD4V4,8VI0V,4,4,,2022-06-10
WD4V4,I8U4Z,2,,,2022-03-24
UUWSJ,CZ859,,,,2022-01-16
UUWSJ,0C7T4,,,5,2022-03-12
XFAW3,JY3X4,1,4,4,2022-07-10
XFAW3,O83AN,1,,,2022-03-27
XFAW3,JCA8Q,,,4,2022-02-19
DOC7B,0HGJC,,1,,2022-05-05
RNYTZ,U4K0S,4,2,5,2022-07-30
SIX5R,2SZAM,,2,5,2022-10-04
3WVU4,BW3MU,,,,2022-04-16
8094C,DRNO4,,,,2022-01-07
91I4R,OE791,,2,,2022-10-04
FDHHQ,KSZOZ,,,3,2022-06-11
ADOBP,MRY5A,1,,,2022-07-27
ADOBP,4OUJ8,,2,,2022-07-20
ADOBP,5NRYI,,,,2022-06-16
U4G0Y,O83AN,,,,2022-02-17
U4G0Y,P1ZUA,2,,3,2022-05-30
PM19X,N169E,,5,,2022-10-14
PM19X,5P7C4,,,3,2022-08-08
96CTH,G6G4D,,,,2022-03-31
U1MXM,F98VS,,2,,2022-08-01
IS8XJ,AWXDQ,3,,,2022-03-28
S12PK,4OUJ8,,,,2022-01-26
N5IUD,BV5DO,,2,5,2022-04-30
406IP,8HSSP,,,1,2022-04-01
406IP,DZC76,3,,,2022-05-25
406IP,0YDV7,,2,1,2022-09-02
9QUHS,4L0BA,1,1,,2022-07-06
9QUHS,MK3V5,,4,4,2022-08-15
IZBUW,UDZHR,,,,2022-07-16
IZBUW,P35EW,2,1,,2022-05-08
B3OWC,29003,,4,3,2022-05-23
B3OWC,0ZJZT,1,,3,2022-08-16
3IHDQ,G6UPG,1,,1,2022-01-10
UV6I1,U4K0S,,3,,2022-03-02
4UQN9,NUPCW,,,,2022-02-22
7MV8H,YAK94,,,,2022-08-10
KWOAA,L8LC6,,,,2022-04-02
LB9D2,YDQ24,,2,,2022-04-01
LB9D2,QXXKB,2,,5,2022-10-23
29J0D,XV9E8,,,3,2022-08-25
LNMX3,6KXC3,,,5,2022-08-18
LNMX3,SHKRM,,,5,2022-09-02
76J9V,08WHX,,,3,2022-07-13
76J9V,142WW,,2,,2022-02-11
N1ODM,P0JA5,4,5,3,2022-06-26
8O45Z,12TJH,5,2,,2022-04-30
AKLNZ,6QJGV,,,1,2022-08-04
AKLNZ,3KLP3,,2,,2022-09-11
AKLNZ,KYTZ7,,,2,2022-03-05
87TL4,549RZ,,,,2022-07-12
MZHDW,5MYGN,,,,2022-07-06
UAT7U,Z6UIX,,3,,2022-10-01
UAT7U,QWAWV,,4,,2022-01-31
UAT7U,2SZAM,3,,,2022-04-11
08NIU,ARWEB,,,3,2022-02-23
U9UGI,O83AN,,,2,2022-03-16
93C9Y,EDOMX,,,3,2022-04-24
93C9Y,GV6M6,,2,,2022-05-30
0YH47,7QINW,,,5,2022-03-23
0YH47,1E2BT,,4,,2022-01-15
0YH47,9CK79,,1,,2022-05-03
JPACE,K3VTH,,2,5,2022-10-10
JPACE,OETM3,,,,2022-04-07
68QVY,UBB1Y,,2,,2022-06-21
1YHWL,K3UHS,,4,,2022-10-09
1YHWL,9ZP9F,1,,,2022-09-14
05I3A,0RNM3,,,,2022-03-05
Z1H57,NJN0G,1,,,2022-01-07
Z1H57,CZ859,,,4,2022-05-19
QZ491,AWFGJ,,5,5,2022-01-23
3R3CX,8HSSP,,5,2,2022-02-28
3R3CX,2LOF1,5,,3,2022-05-18
6D2XH,08KUN,1,3,2,2022-07-10
ZZFL3,JY3X4,4,5,1,2022-01-24
BZ0D8,WHC3M,,,4,2022-09-11
BZ0D8,WDR82,3,,,2022-01-26
C4HH8,DW4SG,5,,,2022-05-14
WVX20,8AOIB,,,,2022-02-25
VCKSA,Q1X68,,4,1,2022-05-20
AE324,8VI0V,2,,,2022-09-10
AE324,IBCNI,,,,2022-05-08
CNHAF,ARWEB,1,,,2022-06-08
CNHAF,PBHFC,5,,,2022-04-13
A7G08,L4VJ1,,,,2022-07-27
I1H4U,NUPCW,2,3,,2022-06-29
J85EZ,LV4UC,,,,2022-08-08
JC623,LZLDV,5,,,2022-02-17
2WKJ6,0WYR7,,1,,2022-03-08
2WKJ6,G9Q2G,,,,2022-01-02
S4GKE,QLECR,,,,2022-02-23
S4GKE,K3MXR,,,,2022-08-30
A330H,NCDRU,3,,,2022-07-19
A330H,L8LC6,,2,,2022-10-12
A330H,UADIT,,5,,2022-09-29
QYXDZ,EBQH2,2,,,2022-02-27
QYXDZ,426K8,5,1,,2022-01-31
QYXDZ,OFOQB,,,3,2022-05-09
K9O3V,8HSSP,,2,4,2022-04-03
K9O3V,DAWJW,3,,,2022-04-06
D5WMR,DW4SG,1,2,,2022-01-09
D5WMR,6NS86,5,5,,2022-10-16
MBPBX,6A1CR,,,3,2022-09-23
MBPBX,5H4D3,2,,,2022-08-07
DSQMQ,RJWPA,2,,,2022-01-31
DSQMQ,3AFOH,4,,3,2022-06-15
OKUGQ,MABWW,,3,,2022-08-21
OKUGQ,8EBHM,,2,4,2022-02-10
OKUGQ,V2EVU,,,,2022-08-29
VD6SK,X342E,5,5,,2022-06-27
VD6SK,GZ97S,,,,2022-10-03
MI9PQ,Q0UI3,2,,,2022-02-28
MI9PQ,X9W2Z,,3,,2022-08-27
ZKOH6,QWAWV,1,4,,2022-01-16
QLIY5,A34BI,5,,2,2022-10-14
QLIY5,TJ6FX,,,,2022-05-27
IM7DN,0HC1E,,4,,2022-07-12
IM7DN,QXXKB,5,2,,2022-02-04
IM7DN,K2VIU,1,,3,2022-05-20
BWFAD,UEVYS,,4,4,2022-02-28
ZDG31,DW4SG,,,,2022-04-02
ULVGM,9WYAI,4,,,2022-03-05
17FO7,1WI5Q,,,,2022-10-20
17FO7,7ERSM,5,2,,2022-05-12
VY1PC,RJWPA,2,5,,2022-07-11
VY1PC,W7QGR,,,,2022-06-02
7WVZG,Q1X68,,,,2022-07-25
Z9LJN,IP7TK,,,5,2022-04-12
J6SLU,K3VTH,,,4,2022-10-08
3JK3B,PV7VX,,,,2022-06-06
UP2YY,152MD,,,4,2022-01-14
EZN0O,ISPDE,,3,,2022-09-22
EZN0O,QMHWG,,3,,2022-09-22
EZN0O,W7QGR,,,,2022-08-15
NOR3W,HQSNA,,3,,2022-04-23
NEI52,ISPDE,,,4,2022-03-22
NEI52,A5WQ0,2,5,3,2022-10-24
CVFG8,3KFLS,5,,3,2022-07-25
CVFG8,RLY94,,,,2022-07-20
CVFG8,6KVU0,2,3,2,2022-05-13
9B61G,92I2Y,5,,,2022-05-30
3L6YR,0V5C9,4,,,2022-08-08
28KWN,QWK5C,4,,,2022-08-16
28KWN,4L0BA,,3,,2022-09-19
UQF7I,3O35F,3,5,,2022-09-22
NVJNV,WH1ZH,2,4,,2022-03-01
AL0KT,AADER,1,,5,2022-10-18
F6E0B,07RB8,4,,,2022-08-16
QSFQO,JUDOH,3,,2,2022-03-02
QSFQO,RBL4D,2,,,2022-05-22
KYBOM,O8YYV,,,,2022-09-01
GIBAA,BIVH0,,,1,2022-07-12
KA6E4,3I68A,,,2,2022-08-22
KA6E4,6PA04,,2,,2022-06-17
VLEDI,FZ6BO,,,5,2022-08-09
23NVZ,WW2NM,,,,2022-10-08
5C0M1,VRWGT,,,2,2022-09-15
CHEEQ,3KLP3,,,3,2022-10-18
CHEEQ,UVBIT,4,,2,2022-08-26
EI2V3,BSJMW,,4,,2022-01-28
D9I0U,N5X40,3,,4,2022-06-14
D9I0U,OE791,,3,2,2022-04-19
D9I0U,CHM29,1,,2,2022-03-09
K41L2,3K1ND,2,4,,2022-07-25
K41L2,YA5CE,,4,,2022-01-25
V1SSI,JI8HS,2,,,2022-08-14
V1SSI,4Z5VC,1,,4,2022-02-12
V1SSI,1HBQW,4,5,1,2022-07-15
0XVLN,WW2NM,4,2,2,2022-09-03
0XVLN,QMNGC,2,,,2022-07-31
0XVLN,RSBL9,,1,4,2022-08-23
MFFZT,WX9FX,,2,,2022-06-18
MVY5K,XV9E8,1,4,,2022-04-14
MVY5K,K3VTH,4,,,2022-05-01
MVY5K,BK9EY,,5,,2022-04-21
04AN7,PRF6N,,,,2022-01-06
04AN7,IBCNI,,2,3,2022-06-16
04AN7,CTMHY,,1,3,2022-10-06
K7PBP,O8YYV,1,,2,2022-04-11
MJL8T,0R2KU,2,,3,2022-07-24
MJL8T,87BU7,,,,2022-08-04
JPAQK,QLECR,,,5,2022-01-03
74KQ3,PB6Z6,,5,,2022-05-30
74KQ3,0V5C9,2,,,2022-05-21
74KQ3,D7CK2,5,,3,2022-06-30
3QKNG,5XI94,,2,,2022-08-07
3QKNG,PHPNC,3,,1,2022-06-09
GWCEK,CJZRT,3,,1,2022-01-07
3SZYH,5PQAC,5,4,5,2022-07-25
3SZYH,L9Y33,2,,2,2022-09-22
ELS9U,QXXKB,,5,,2022-03-17
FBQKG,U98HN,3,1,,2022-09-01
FBQKG,F5WTM,2,4,,2022-07-13
32D25,BBHBZ,,,2,2022-04-07
L2EVX,UOQ2K,1,,3,2022-04-17
7RFUM,6P3VN,,,,2022-01-31
O7HKP,DPGAP,,,5,2022-06-24
ZNQOP,SB3L6,,1,,2022-06-24
ZNQOP,VX9SU,,3,,2022-07-17
Q3K6Y,AADER,4,,,2022-03-15
QGU1G,ZVZGY,,,,2022-03-05
R71RZ,VWQZC,1,4,5,2022-09-04
LXLLZ,3AFOH,,,,2022-04-16
87KJ3,92I2Y,,,,2022-10-22
87KJ3,6LV2R,,3,4,2022-05-19
W11VL,RYVDX,,,1,2022-02-05
4L72G,P3UIF,5,,,2022-01-12
NC8X8,SNR6X,,,3,2022-01-05
NC8X8,A8U7K,4,,5,2022-10-24
NC8X8,0OWRH,,,,2022-04-08
LN19C,Q1X68,,,4,2022-10-24
YI585,HQSNA,1,2,,2022-06-19
J05YP,X1CL7,,1,1,2022-08-31
J05YP,46YCO,,,,2022-06-01
J670J,3K1ND,,4,,2022-01-15
J670J,PRBZA,4,5,,2022-08-15
OPS7M,C78AR,,,2,2022-02-19
OPS7M,K52E6,4,,5,2022-08-08
UG4IB,HH8AJ,,1,,2022-06-04
UG4IB,3K1ND,1,,,2022-07-03
UG4IB,EXO6D,,,1,2022-07-22
WEGDK,6LV2R,2,5,,2022-02-22
WEGDK,YRTVH,2,3,,2022-01-17
WEGDK,Z6UIX,,,,2022-02-01
0VBVH,UOQ2K,1,,3,2022-05-15
96A1O,36SYH,3,5,,2022-03-16
HS3Y5,FWVAJ,5,2,5,2022-02-13
G9KLT,O0KP9,,2,5,2022-05-03
G9KLT,ZLIUE,2,2,1,2022-01-10
G9KLT,0WYR7,,,,2022-05-03
29OYG,VW8H6,,2,,2022-06-02
29OYG,TYD9O,,,5,2022-02-18
Y85R4,YDZC3,,,,2022-09-04
Y85R4,KVQRA,,2,,2022-04-17
EX0P4,7IVK8,,,,2022-09-18
D2UK0,6ZG2P,,,1,2022-06-06
3PM3M,Q1X68,,1,3,2022-01-24
1YV4D,IH8AP,,,,2022-02-22
1YV4D,1VPD1,3,,,2022-07-06
B75JY,FZ6BO,,1,3,2022-10-01
D4ZWD,WDR82,,,,2022-10-24
D4ZWD,U29GK,,5,2,2022-01-19
JSUMG,L6USX,,,,2022-07-21
JSUMG,4UMXE,,,,2022-01-17
G00D1,36SYH,3,,,2022-08-04
G00D1,R5OOD,,,,2022-10-16
S86V6,7W8YE,,,3,2022-09-28
S86V6,6PA04,5,,2,2022-09-03
S86V6,RVZRR,,,,2022-05-31
DX4HK,4Z5VC,3,,,2022-08-16
014TM,TH583,,,3,2022-02-02
014TM,UOQ2K,,5,,2022-02-01
014TM,4VDK3,4,2,4,2022-08-06
7JVGI,3QPJE,3,,3,2022-04-12
BY6MS,3KCY4,1,,,2022-03-02
ZRYY6,CA1H1,2,1,1,2022-10-21
ZRYY6,L4VJ1,,,4,2022-08-03
7M8II,DAWJW,5,1,4,2022-09-03
CXRQA,Y4HF3,,,,2022-08-16
CXRQA,YDQ24,,,,2022-03-10
B8HWI,GPYLB,,3,4,2022-07-18
XKF48,CZ859,,,,2022-09-09
XKF48,ZVZGY,,,,2022-06-27
H1VZ6,AU687,5,1,1,2022-04-03
ID4U1,AZQD3,,4,3,2022-03-03
ID4U1,7H518,,,4,2022-05-10
KXRCM,P3UIF,4,,3,2022-09-12
KXRCM,VW8H6,5,,,2022-07-05
P53VO,M63IT,,,,2022-10-27
X7H0W,6RCV4,3,,,2022-07-31
X7H0W,IJ61L,5,,1,2022-02-02
X7H0W,FUS1Y,,,4,2022-07-21
ZZDL1,CUVCD,3,,,2022-05-14
ZZDL1,NKNLM,,,,2022-01-01
ZZDL1,K3UHS,,,,2022-10-28
BJ5MR,F98VS,,,,2022-02-01
BJ5MR,JZ1WL,,3,2,2022-02-10
MZKMH,Z0LJU,,,,2022-05-17
MZKMH,AZB2M,,,2,2022-08-10
KD4EF,TIQ1A,,4,5,2022-06-25
AHN40,CJZRT,,,,2022-09-05
R6GSN,LZAU3,,,2,2022-02-16
R6GSN,E9K7C,,,2,2022-02-22
R6GSN,VZNU6,,1,,2022-05-04
MMVUI,W7QGR,2,,,2022-01-09
3WTUH,JH82V,,,,2022-08-24
3WTUH,EBQH2,,,,2022-03-17
3QX44,IP7TK,1,4,,2022-06-10
3QX44,46YCO,,3,,2022-01-25
XJN41,UP16N,,,,2022-09-29
XJN41,QMHWG,2,,3,2022-05-01
XJN41,AWXDQ,3,1,,2022-06-01
V7MFZ,QX1AY,,2,,2022-08-22
UQEWZ,K5CLT,4,,,2022-01-31
UQEWZ,QFR1K,1,,,2022-06-08
UQEWZ,3I68A,1,,,2022-01-21
TVTMO,Z5WLW,,,4,2022-06-21
TVTMO,N3780,3,,5,2022-05-18
I6EW3,6QJGV,2,,2,2022-08-29
FHC7C,FUR3X,4,,,2022-09-19
FHC7C,77KUY,,,,2022-05-01
1OB8R,UFNZK,2,,,2022-06-10
VHUH7,VRWGT,,3,,2022-04-13
0UIH1,L9Y33,4,,5,2022-01-25
6QFD3,0R2KU,,2,,2022-02-17
MAQ20,AZB2M,,2,,2022-05-17
A738K,1JA6J,3,,3,2022-06-06
A738K,V2EVU,5,,,2022-08-28
I3FV0,3S3MN,2,2,,2022-06-27
I3FV0,1149O,,,,2022-08-04
ZD8HY,CZOIF,,,1,2022-10-17
ZD8HY,0YU61,4,3,,2022-07-12
C0DKH,A8U7K,,,,2022-07-05
8DO01,WPI4A,,2,,2022-07-28
8DO01,KVQRA,,,,2022-06-06
8DO01,V20LN,2,,2,2022-04-12
ARPGW,WHC3M,,,5,2022-01-11
21LO7,Z5WLW,,,,2022-02-07
21LO7,SHKRM,1,4,5,2022-02-01
21LO7,7VWUB,,,,2022-05-10
58HMO,BW3MU,,,5,2022-05-20
58HMO,F1G3J,,1,,2022-02-08
58HMO,DDZV9,1,,5,2022-07-03
BCD6Y,5H4D3,,2,,2022-01-13
BCD6Y,Q1X68,1,2,,2022-07-20
UTXQ0,UEAU3,,,,2022-04-22
UTXQ0,7T5MJ,4,4,,2022-01-15
0KWBK,3FLK5,,,,2022-05-27
0KWBK,0C7T4,,,,2022-05-12
C9PNG,OFOQB,4,,,2022-08-01
C9PNG,HC0DY,2,5,,2022-09-28
XFUTX,N5X40,,,1,2022-03-09
HEWAY,ZVZGY,,,,2022-09-01
PTWTQ,QX1AY,,2,3,2022-09-21
PTWTQ,3I68A,1,,4,2022-01-18
O2GM5,0WYR7,,,,2022-04-20
O2GM5,J83G9,,3,,2022-03-08
UV3UZ,AZB2M,,4,,2022-05-17
LNK75,5P7C4,,,,2022-06-13
NWBZ2,FFBXJ,,3,,2022-05-22
NWBZ2,LZLDV,2,,,2022-08-08
OQRY2,Y1GW1,4,2,,2022-08-08
OQRY2,CXDQI,2,2,,2022-10-27
ZZSO4,1QXIF,,,,2022-01-06
ZZSO4,RVZRR,4,,,2022-03-04
ZZSO4,P1ZUA,3,4,,2022-08-15
YNRQM,Y26NY,,,,2022-10-07
YNRQM,NKKLD,,,,2022-02-27
4E6TM,D7CK2,,,,2022-01-10
LAZEE,UEAU3,5,2,3,2022-07-18
H76NU,E9K7C,4,,,2022-02-13
VJ7BS,8LJTP,,,,2022-09-19
VJ7BS,TJ6FX,2,5,,2022-05-28
X8DQM,K3MXR,,,3,2022-09-24
L9Z76,F5WTM,,,,2022-07-27
34CO5,PBHFC,1,,4,2022-06-05
34CO5,CZOIF,,3,,2022-01-29
P3U4Z,QN99Y,4,,,2022-06-08
P3U4Z,JUDOH,,,,2022-08-08
P3U4Z,AXYFV,3,1,5,2022-09-13
WP5LA,078O0,4,4,,2022-05-17
BV2XZ,87U6Q,2,,3,2022-06-19
BV2XZ,P9Q6Y,,,,2022-04-06
BV2XZ,NUPCW,,,,2022-07-02
YTILS,O8YYV,2,,5,2022-05-29
YTILS,142WW,,,3,2022-03-29
YTILS,QFR1K,,4,,2022-06-03
V4KU0,ZB7CT,5,,,2022-04-04
V4KU0,OE791,2,1,5,2022-07-06
UHK0I,3RNZG,,3,,2022-06-04
UHK0I,TGD2Z,,,,2022-08-14
AHYNX,P8UM4,,,,2022-04-18
2CS1W,UHYY9,1,2,2,2022-05-25
2CS1W,DGX8H,,,,2022-07-30
ZIP2N,6LV2R,,1,,2022-08-23
M22VL,BF3QQ,,,,2022-01-16
HI202,8VI0V,,2,,2022-06-01
A2ZTX,U3D5E,,,4,2022-09-01
A2ZTX,19J34,3,,2,2022-07-27
U6275,7H518,,1,5,2022-10-05
VX25V,9FJ8S,,1,,2022-10-26
T9ZSG,3I68A,,2,3,2022-06-13
T9ZSG,O8YYV,,,,2022-06-02
QN8ZE,6QJGV,,3,,2022-02-10
H3RDT,0HGJC,1,2,1,2022-08-23
XUPLB,V2EVU,,,1,2022-03-04
XUPLB,C78AR,5,,3,2022-03-07
XUPLB,T4T3I,5,,1,2022-05-13
C07UU,6KVU0,1,,5,2022-06-09
KU4UY,85TQL,,3,,2022-08-18
KU4UY,PHPNC,,4,,2022-10-23
1A7TF,V2EVU,,,3,2022-07-15
1A7TF,BK9EY,,,1,2022-05-24
V9QH1,Y10ZO,,,1,2022-02-25
1JCS5,Y4HF3,,,,2022-10-25
1JCS5,UADIT,,3,,2022-07-03
JIAY9,1XG6O,,,2,2022-09-02
JIAY9,20AR2,,,,2022-07-21
JIAY9,HFAMO,,,,2022-10-20
MDIBN,K2VIU,,,,2022-01-21
MDIBN,AZQD3,2,5,3,2022-03-17
MDIBN,7VWUB,,,3,2022-04-11
PKSKL,OTAU7,,,1,2022-03-10
PKSKL,W2FN3,,,,2022-10-08
T6FM4,8VI0V,1,,,2022-05-28
R9VGY,Y1GW1,,1,5,2022-09-04
R9VGY,H7FKP,,4,3,2022-04-24
HGSO8,ZVZGY,,3,,2022-08-03
HGSO8,DAWJW,,2,,2022-06-17
HGSO8,7H518,,,,2022-01-14
CX5HZ,9X7GU,2,,5,2022-06-09
K1WJT,TT1MJ,,5,1,2022-05-26
K1WJT,Q1X68,,,5,2022-10-10
ULP7M,G60H0,2,,5,2022-05-15
ULP7M,PZXJ8,,4,,2022-02-21
Y8MOX,GVYOF,4,,1,2022-03-06
Y8MOX,WDR82,,,5,2022-06-17
HHIUW,KV5S9,,,,2022-06-30
4LPMU,FUAY0,,,,2022-09-07
N2MTA,RLY94,,,,2022-10-02
N2MTA,P8DKB,2,1,5,2022-01-31
1LA9S,C9XKL,,3,3,2022-06-15
1LA9S,LQ8DW,5,5,,2022-07-31
1LA9S,ZLIUE,5,,,2022-10-10
XXUXR,6LV2R,1,,,2022-08-04
5FZ9F,CTMHY,3,5,3,2022-03-01
5FZ9F,XZJXD,,,4,2022-03-05
5FUOS,EJ8AM,2,5,,2022-03-30
5FUOS,YRL14,,,5,2022-01-12
5FUOS,PB6Z6,,4,,2022-07-24
Q5K3I,BIVH0,,1,,2022-10-13
Q5K3I,0RNM3,,,,2022-04-22
RX4XW,8RY42,,1,3,2022-09-23
GPQ22,K52E6,1,,4,2022-02-16
1XG6O,R2YNB,,,,2022-05-14
QWAWV,K3MXR,2,,5,2022-02-26
1E2BT,87BU7,,5,,2022-10-15
1E2BT,22VQ9,5,4,,2022-10-16
77KUY,HH8AJ,3,5,4,2022-04-02
4MSI6,MRY5A,,,,2022-05-28
4MSI6,6GSGP,,,,2022-05-15
4MSI6,LC3OK,,,,2022-06-01
U4K0S,R5OOD,,,,2022-04-29
CA1H1,L4VJ1,,,,2022-06-09
CA1H1,1149O,,5,,2022-02-07
VKCWC,231ZN,,,,2022-09-23
VKCWC,SHGFE,,2,,2022-02-27
NW0RD,KR138,,,2,2022-08-15
0YU61,X9W2Z,,,,2022-09-04
0YU61,PQEAZ,,,5,2022-07-20
CJZRT,H2NH0,,1,,2022-09-28
CJZRT,20AR2,,,,2022-09-09
V1RZB,J5PAC,1,1,,2022-09-08
V1RZB,AZB2M,1,,1,2022-08-23
V1RZB,3RNZG,,1,,2022-07-19
3M1YI,0V5C9,5,2,,2022-09-25